id,total,estante,n_ingreso,code,title,author,editorial,position,room,,,,,,,,,,,,,,,
1,1,1 / A,11786,108  / C314    E:1,Vida Pitagórica / protréptico,Jámblico,Editorial Gredos,,SALA MARIO VARGAS LLOSA,,,,,,,,,,,,,,,
2,2,1  / A,11572,110  / C200   E:1,Metafísica,"Aristóteles ; introducción , traducción y notas de Tomas Calvo Martínez",Editorial Gredos,2,SALA MARIO VARGAS LLOSA,,,,,,,,,,,,,,,
3,3,1  / A,11542,113.2 / C182   E:1,"Recuerdos de Sócrates : económico, banquete, apología de Sócrates","Jenofonte ;  introducciones, traduciones y notas de Juan Zaragoza",Editorial Gredos,3,SALA MARIO VARGAS LLOSA,,,,,,,,,,,,,,,
4,4,1  / A,11476,"1151,1 /C142 E: 1",Retórica,"Aristóteles  ; introducción, traduccipon y notas por Quintín Racionero",Editorial Gredos,4,SALA MARIO VARGAS LLOSA,,,,,,,,,,,,,,,
5,5,1  / A,11391,118.6 / C92  T.I   E:1,"Epístolas morales a Lucilio I  (libros I-IX, epístolas 1-80)","Séneca ; introducción, traducción y notas de Ismael Roca Meliá",Editorial Gredos,5,SALA MARIO VARGAS LLOSA,,,,,,,,,,,,,,,
6,6,1  / A,11608,118.6 / C220   E:1,"Diálogos : consolaciones a Marcia, a su madre Helvia y a Polibio . apocolocintosis","Séneca; introducciones, traducciones y notas de Juan Mariné Isidro",Editorial Gredos,6,SALA MARIO VARGAS LLOSA,,,,,,,,,,,,,,,
7,7,1  / A,11620,870 / C226   E:1,Astrolologia,"Manilio ; introducción de Francisco Calero , traducción y notas de Francisco Calero y María José Echarte",Editorial Gredos,7,SALA MARIO VARGAS LLOSA,,,,,,,,,,,,,,,
8,8,1  / A,11708,133 / C271   E:1,sobre la adivinación - sobre el destino - Timeo,"Cicerón; Introducciones, traducciones y notas de Ángel Escobar",Editorial Gredos,8,SALA MARIO VARGAS LLOSA,,,,,,,,,,,,,,,
9,9,1  / A,11412,133 /C105 E:1,Textos de magia en papiros griegos,"Introducción, traducción y notas de José Luis Calvo Martínez y M. Dolores Sánchez Romero",Editorial Gredos,9,SALA MARIO VARGAS LLOSA,,,,,,,,,,,,,,,
10,10,1  / A,11452,135 / C128   E:1,zadig y otros cuentos,"Artemidoro ; introducción, traducción y notas por Elisa Ruiz García",Editorial Gredos,10,SALA MARIO VARGAS LLOSA,,,,,,,,,,,,,,,
11,11,1  / A,11706,138 / C270   E:1,Fisiognomía - Fisiólogo,"Pseudo Aristóteles – Anónimo Introducciones, traducciones y notas de Teresa Martínes Manzano",Editorial Gredos,11,SALA MARIO VARGAS LLOSA,,,,,,,,,,,,,,,
12,12,1  / A,11320,160 / C51  T.I   E:1,"Tratados de lógica (órganon) I : Categirías, tópicos, sobre las refutaciones sofísticas","Aristóteles ; introducción, traducción y notas de Miguel Candel SanMartín",Editorial Gredos,12,SALA MARIO VARGAS LLOSA,,,,,,,,,,,,,,,
13,13,1  / A,11602,165 / C217   E:1,Heroico * Gimnástico * descripciones de cuadros : descripciones,"Filóstrato, Calístrato ; introducción de Carles Miralles ,traducción y notas de Francesca Mestre",Editorial Gredos,13,SALA MARIO VARGAS LLOSA,,,,,,,,,,,,,,,
14,14,1  / A,11610,165 / C221   E:1,Sofistas : testimonios y fragmentos*A1,"Introducción , traducción y notas de Antonio Melero Bellido",Editorial Gredos,14,SALA MARIO VARGAS LLOSA,,,,,,,,,,,,,,,
15,15,1  / A,11367,177 / C78  T.I   E:1,Obras morales y de costumbres (Moralia) I,"Plutarco ; introducciones, traducciones y notas por Concepción Morales Otal y José García López",Editorial Gredos,15,SALA MARIO VARGAS LLOSA,,,,,,,,,,,,,,,
16,16,1  / A,11400,177 / C98  T.II   E:1,Obras morales y de costumbres (Moralia) II,"Plutarco ; introducciones, traducciones y notas por Concepción Morales Otal y José García López",Editorial Gredos,16,SALA MARIO VARGAS LLOSA,,,,,,,,,,,,,,,
17,17,1  / A,11408,177  / C103  T.III   E:1,Obras morales y de costumbres (Moralia) III,"Plutarco : introducciones y notas por Mercedes López Salvá y María Antonia Medel, traducciones por Mercedes López Salvá",Editorial Gredos,17,SALA MARIO VARGAS LLOSA,,,,,,,,,,,,,,,
18,18,1  / A,11420,177 / C109  T.IV   E:1,Obras morales y de costumbres (Moralia) IV : charlas de sobremesa,"Plutarco ; introducción, traducción y notas por Francisco Martín García",Editorial Gredos,18,SALA MARIO VARGAS LLOSA,,,,,,,,,,,,,,,
19,19,1  / A,11458,177 / C132  T.V   E:1,Obras morales y de costumbres (Moralia) V,"Plutarco ; introducciones, traducciones y notas por Mercedes López Salvá",Editorial Gredos,19,SALA MARIO VARGAS LLOSA,,,,,,,,,,,,,,,
20,20,1  / A,11760,177 / C299  T.IX   E:1,Obras morales y de costumbres (Moralia)  IX,Plutarco,Editorial Gredos,20,SALA MARIO VARGAS LLOSA,,,,,,,,,,,,,,,
21,21,1  / A,11776,177  / C309  T.X   E:1,Obras morales y de costumbres ( Moralia )  X,Plutarco,Editorial Gredos,21,SALA MARIO VARGAS LLOSA,,,,,,,,,,,,,,,
22,22,1  / A,11800,177 / C322  T. XI   E:1,Obras morales y de costumbres (Moralia)  XI,"Plutarco, introducción, traducción y notas de Durán López, Ángeles",Editorial Gredos,22,SALA MARIO VARGAS LLOSA,,,,,,,,,,,,,,,
23,23,1  / A,11802,177 / C323  T.XII   E:1,Obras morales y de costumbres (Moralia)  XII,"Plutarco, introducción, traducción y notas de Martos Montiel, Juan Francisco",Editorial Gredos,23,SALA MARIO VARGAS LLOSA,,,,,,,,,,,,,,,
24,24,1  / A,11804,177 / C324  T.XIII   E:1,Obras morales y de costumbres (Moralia)  XIII,"Plutarco, introducción, traducción y notas de García López, José",Editorial Gredos,24,SALA MARIO VARGAS LLOSA,,,,,,,,,,,,,,,
25,25,1  / A,11820,180 / C332   E:1,Disputaciones tusculanas,Cicerón,Editorial Gredos,25,SALA MARIO VARGAS LLOSA,,,,,,,,,,,,,,,
26,26,1  / A,11385,182 / C88  T.II   E:1,Enéadas III-IV,"Plotino ; introducciones, traducciones y notas de Jesús Igal",Editorial Gredos,26,SALA MARIO VARGAS LLOSA,,,,,,,,,,,,,,,
27,27,1  / A,11446,182  / C125   E:1,Alegorías de Homero / Metamorfosis,"Heráclito y Antonino Liberal ; introducción de Esteban Calderón Dorda, traducciones y notas de María Antonia Ozaeta Gávez",Editorial Gredos,27,SALA MARIO VARGAS LLOSA,,,,,,,,,,,,,,,
28,28,1  / A,11536,182 / C179   E:1,Esbozos pirrónicos,"Sexto empírico ; introducción, traducción y notas de Antonio Gallego Cao y Tresa Muñoz Diego",Editorial Gredos,28,SALA MARIO VARGAS LLOSA,,,,,,,,,,,,,,,
29,29,1  / A,11638,182  / C235   E:1,Sobre los sueños . Sobre José,"Filón de Alejandría ; introducción, traducción y notas de Sofía Torallas Tovar",Editorial Gredos,29,SALA MARIO VARGAS LLOSA,,,,,,,,,,,,,,,
30,30,1  / A,11678,182  / C256  T.III  E:1,Enéadas,"Plotino  ; introducciones, traducciones y notas de Jesús Igal",Editorial Gredos,30,SALA MARIO VARGAS LLOSA,,,,,,,,,,,,,,,
31,31,1  / A,11326,183 / C55   E:1,Vidas de los sofistas,"Filóstrato ; introducción, traducción y notas de María Concepción Giner Soria",Editorial Gredos,31,SALA MARIO VARGAS LLOSA,,,,,,,,,,,,,,,
32,32,1  / A,11294,184 / C37  T.I  E:1,Diálogos I,Platón,Editorial Gredos,32,SALA MARIO VARGAS LLOSA,,,,,,,,,,,,,,,
33,33,1  / A,11336,184  / C61  T.II   E:1,"Diálogos II : Gorgias, menéxeno, eutidemo, menón, crátilo","Platón ; traducciones, introducciones y notas por J. Calonge Ruiz, E. Acosta Méndez, F.J. Olivieri, J. L. Calvo",Editorial Gredos,33,SALA MARIO VARGAS LLOSA,,,,,,,,,,,,,,,
34,34,1  / A,11510,184 / C162   E:1,"Diálogos ; VII dudosos,apócrifos,cartas","Platón ; traducciones, introducciones y notas por Juan Zaragoza y Pilar Gómez Cardó",Editorial Gredos,34,SALA MARIO VARGAS LLOSA,,,,,,,,,,,,,,,
35,35,1 / B,5050,112.09 / D79,La secta del perro : vidas de filosofos cínicos,"Diógenes de Laercio : Garcia Gual, Carlos.",Alianza  Editorial,1,SALA MARIO VARGAS LLOSA,,,,,,,,,,,,,,,
36,36,1 / B,5083,112.092 / D591,Vidas de los filósofos ilustres,Diógenes de Laercio,Alianza  Editorial,2,SALA MARIO VARGAS LLOSA,,,,,,,,,,,,,,,
37,37,1 / B,5093,113.2 / J39,Apología. Banquete recuerdos de Sócrates.,Jenofonte,Alianza  Editorial,3,SALA MARIO VARGAS LLOSA,,,,,,,,,,,,,,,
38,38,1 / B,5004,114.1 / P66,Fedon.Fedro,Platón,Alianza  Editorial,4,SALA MARIO VARGAS LLOSA,,,,,,,,,,,,,,,
39,39,1 / B,5012,114.1 / P66B,El banquete,Platón,Alianza  Editorial,5,SALA MARIO VARGAS LLOSA,,,,,,,,,,,,,,,
40,40,1 / B,5049,114.1 / P66L,Las Leyes,Platón,Alianza  Editorial,6,SALA MARIO VARGAS LLOSA,,,,,,,,,,,,,,,
41,41,1 / B,5009,114.1 / P66P,Protágoras : Gorgias : Carta séptima,Platón,Alianza  Editorial,7,SALA MARIO VARGAS LLOSA,,,,,,,,,,,,,,,
42,42,1 / B,5066,115.1 / A72P,Poética,Aristóteles,Alianza  Editorial,8,SALA MARIO VARGAS LLOSA,,,,,,,,,,,,,,,
43,43,1 / B,5003,115.1 / A73,Retórica,Aristóteles,Alianza  Editorial,9,SALA MARIO VARGAS LLOSA,,,,,,,,,,,,,,,
44,44,1 / B,5046,115.1 / A73E,Ética eudemia,Aristóteles,Alianza  Editorial,10,SALA MARIO VARGAS LLOSA,,,,,,,,,,,,,,,
45,45,1 / B,5005,115.1 / A73P,Política,Aristóteles,Alianza  Editorial,11,SALA MARIO VARGAS LLOSA,,,,,,,,,,,,,,,
46,46,1 / B,5069,118.6 / S38,Sobre la clemencia,Séneca,Alianza  Editorial,12,SALA MARIO VARGAS LLOSA,,,,,,,,,,,,,,,
47,47,1 / B,5052,121 / C61,Correspondencia con su hermano quinto,Cicerón,Alianza  Editorial,13,SALA MARIO VARGAS LLOSA,,,,,,,,,,,,,,,
48,48,1 / B,5037,182 / T - 2001,De Tales a Demócrito : fragmentos presocráticos,"Traducida y anotada por, Alberto Bernabé",Alianza  Editorial,14,SALA MARIO VARGAS LLOSA,,,,,,,,,,,,,,,
49,49,1 / B,5063,184 / P66A,Apología de Sócrates Menón Crátilo,Platón,Alianza  Editorial,15,SALA MARIO VARGAS LLOSA,,,,,,,,,,,,,,,
50,50,1 / B,5062,184 / P66I,Ión Timoteo críticas,Platón,Alianza  Editorial,16,SALA MARIO VARGAS LLOSA,,,,,,,,,,,,,,,
51,51,1 / B,5016,184.1 / P66,La república,Platón,Alianza  Editorial,17,SALA MARIO VARGAS LLOSA,,,,,,,,,,,,,,,
52,52,1 / B,5074,184.2 / P668T,Parménides,Platón,Alianza  Editorial,18,SALA MARIO VARGAS LLOSA,,,,,,,,,,,,,,,
53,53,1 / B,5035,185.1 / A73,Ética a Nicomaco,Aristóteles,Alianza  Editorial,19,SALA MARIO VARGAS LLOSA,,,,,,,,,,,,,,,
54,54,1 / B,5011,186.4 / B68,La consolación de la filosofía,Boecio,Alianza  Editorial,20,SALA MARIO VARGAS LLOSA,,,,,,,,,,,,,,,
55,55,1 / B,5048,187 / G23,Epicuro,"García Gual, Carlos",Alianza  Editorial,21,SALA MARIO VARGAS LLOSA,,,,,,,,,,,,,,,
56,56,1 / B,5015,188 / M26,Meditaciones.,Marco Aurelio,Alianza  Editorial,22,SALA MARIO VARGAS LLOSA,,,,,,,,,,,,,,,
57,57,1 / B,5019,188 / S38,Sobre la felicidad,Séneca,Alianza  Editorial,23,SALA MARIO VARGAS LLOSA,,,,,,,,,,,,,,,
58,58,1 / B,5018,188.1 / S38,Escritos consolatorios,Séneca,Alianza  Editorial,24,SALA MARIO VARGAS LLOSA,,,,,,,,,,,,,,,
59,59,1 / B,5026,188.1 / S38C,De la cólera,Séneca,Alianza  Editorial,25,SALA MARIO VARGAS LLOSA,,,,,,,,,,,,,,,
60,60,1 / B,5096,189 / C46,El discurso verdadero contra los cristianos,Celso,Alianza  Editorial,26,SALA MARIO VARGAS LLOSA,,,,,,,,,,,,,,,
61,61,1 / B,5068,292 / A64,Biblioteca mitológica,Apolodoro,Alianza  Editorial,27,SALA MARIO VARGAS LLOSA,,,,,,,,,,,,,,,
62,62,1 / B,5084,292.1 / G25,Los siete sabios ( y tres más),"Garcia Gual, Carlos.",Alianza  Editorial,28,SALA MARIO VARGAS LLOSA,,,,,,,,,,,,,,,
63,63,1 / B,5007,292.13 / G83,Los dioses del Olimpo,"Grupo Tempe: Morillas Mercedes, y otros.",Alianza  Editorial,29,SALA MARIO VARGAS LLOSA,,,,,,,,,,,,,,,
64,64,1 / B,5080,342 / A73,Constituciones políticas griegas,"Aristóteles, el viejo oligarca, Jenofonte",Alianza  Editorial,30,SALA MARIO VARGAS LLOSA,,,,,,,,,,,,,,,
65,65,1 / B,5017,523.8 / E71,Mitología del firmamento,Eratóstenes,Alianza  Editorial,31,SALA MARIO VARGAS LLOSA,,,,,,,,,,,,,,,
66,66,1 / B,5025,870 / A64,Asno de oro,Apuleyo,Alianza  Editorial,32,SALA MARIO VARGAS LLOSA,,,,,,,,,,,,,,,
67,67,1 / B,5059,870.8 / C95,Antología dela poesía latina.,"Cuenca, Luis Alberto de y Antonio Alvar.",Alianza  Editorial,33,SALA MARIO VARGAS LLOSA,,,,,,,,,,,,,,,
68,68,1 / B,5041,870.8 / F41,Antología de la literatura latina,"Fernández Corte J.C. ,  A. Moreno Hernández",Alianza  Editorial,34,SALA MARIO VARGAS LLOSA,,,,,,,,,,,,,,,
69,69,1 / B,5058,870.8 / L95,La naturaleza de las cosas.,Lucrecio,Alianza  Editorial,35,SALA MARIO VARGAS LLOSA,,,,,,,,,,,,,,,
70,70,1 / B,5079,871 / P87,Elegías completas,Propercio,Alianza  Editorial,36,SALA MARIO VARGAS LLOSA,,,,,,,,,,,,,,,
71,71,1 / B,5027,871.21 / O93A,Arte de amar : remedios de amor,Ovidio,Alianza  Editorial,37,SALA MARIO VARGAS LLOSA,,,,,,,,,,,,,,,
72,72,1 / B,5051,871.21 / O93T,Tristes cartas del ponto,Ovidio,Alianza  Editorial,38,SALA MARIO VARGAS LLOSA,,,,,,,,,,,,,,,
73,73,1 / B,5039,871.21 / O93A2,Amores,Ovidio,Alianza  Editorial,39,SALA MARIO VARGAS LLOSA,,,,,,,,,,,,,,,
74,74,1 / B,5002,885.5 / E83,Fábulas,,Alianza Editorial,40,SALA MARIO VARGAS LLOSA,,,,,,,,,,,,,,,
75,75,1 / B,5014,872.3 / P66,Anfitrión aulularia los cautivos.,Plauto,Alianza  Editorial,41,SALA MARIO VARGAS LLOSA,,,,,,,,,,,,,,,
76,76,1 / B,5085,872.3 / P66G,Los gemelos el soldado fanfarrón pséudolo o el trápala,Plauto,Alianza  Editorial,42,SALA MARIO VARGAS LLOSA,,,,,,,,,,,,,,,
77,77,1 / B,5054,872.3 / P66P,El persa el cabo estetico.,Plauto,Alianza  Editorial,43,SALA MARIO VARGAS LLOSA,,,,,,,,,,,,,,,
78,78,1 / B,5070,872.5 / T41,El eunuco Formión la suegra,Terencio,Alianza  Editorial,44,SALA MARIO VARGAS LLOSA,,,,,,,,,,,,,,,
79,79,1 / B,5071,873 / H76,Epodos odas,Horacio,Alianza  Editorial,45,SALA MARIO VARGAS LLOSA,,,,,,,,,,,,,,,
80,80,1 / B,5000,873.1 / V74,Eneida,,Alianza  Editorial,46,SALA MARIO VARGAS LLOSA,,,,,,,,,,,,,,,
81,81,1 / B,5060,873.1 / V74B,Bucólicas geórgicas,Virgilio,Alianza  Editorial,47,SALA MARIO VARGAS LLOSA,,,,,,,,,,,,,,,
82,82,1 / B,5067,873.6 / R73,El viaje de los argonautas,"Rodas, Apolonio de",Alianza  Editorial,48,SALA MARIO VARGAS LLOSA,,,,,,,,,,,,,,,
83,83,1 / B,5024,874.2 / C36,Poesías,Catulo,Alianza  Editorial,49,SALA MARIO VARGAS LLOSA,,,,,,,,,,,,,,,
84,84,1 / B,5040,874.5 / H76,Sátiras,Horacio,Alianza  Editorial,50,SALA MARIO VARGAS LLOSA,,,,,,,,,,,,,,,
85,85,1 / B,5029,875.4 / C61,Bruto : ( historia de la elocuencia romana ),Cicerón,Alianza  Editorial,51,SALA MARIO VARGAS LLOSA,,,,,,,,,,,,,,,
86,86,1 / B,5092,875.4 / C61S,Sobre la vejez sobre la amistad,Cicerón,Alianza  Editorial,52,SALA MARIO VARGAS LLOSA,,,,,,,,,,,,,,,
87,87,1 / B,5073,875.4 / C61C,Catilinarias,Cicerón,Alianza  Editorial,53,SALA MARIO VARGAS LLOSA,,,,,,,,,,,,,,,
88,88,1  / C,5042,875.4 / C61O,El orador,Cicerón,Alianza  Editorial,1,SALA MARIO VARGAS LLOSA,,,,,,,,,,,,,,,
89,89,1  / C,5032,875.42 / C61,Sobre los deberes,Cicerón,Alianza  Editorial,2,SALA MARIO VARGAS LLOSA,,,,,,,,,,,,,,,
90,90,1  / C,5089,876.6 / T12,Anales,Tácito,Alianza  Editorial,3,SALA MARIO VARGAS LLOSA,,,,,,,,,,,,,,,
91,91,1  / C,5094,877 / H52,Fábulas mitológicas,Higino,Alianza  Editorial,4,SALA MARIO VARGAS LLOSA,,,,,,,,,,,,,,,
92,92,1  / C,5056,877 / P48,Satiricón,Petronio,Alianza  Editorial,5,SALA MARIO VARGAS LLOSA,,,,,,,,,,,,,,,
93,93,1  / C,5064,877.6 / M26,Epigramas,Marcial,Alianza  Editorial,6,SALA MARIO VARGAS LLOSA,,,,,,,,,,,,,,,
94,94,1  / C,5098,877.7 / J95,Sátiras,Juvenal,Alianza  Editorial,7,SALA MARIO VARGAS LLOSA,,,,,,,,,,,,,,,
95,95,1  / C,5057,878 / C48,Comentarios a la guerra civil,Cesár,Alianza  Editorial,8,SALA MARIO VARGAS LLOSA,,,,,,,,,,,,,,,
96,96,1  / C,5077,878 / F56,Sobre la antigüedad de los judíos autobiografía,Flavio Josefo,Alianza  Editorial,9,SALA MARIO VARGAS LLOSA,,,,,,,,,,,,,,,
97,97,1  / C,5097,878 / S45,Vida de los césares,Suetonio,Alianza  Editorial,10,SALA MARIO VARGAS LLOSA,,,,,,,,,,,,,,,
98,98,1  / C,5028,878.2 / S17,La conjuración de Catilina la guerra de Yugurta,Salustio,Alianza  Editorial,11,SALA MARIO VARGAS LLOSA,,,,,,,,,,,,,,,
99,99,1  / C,5090,878.4 / L68,"La segunda guerra Púnica, II: libros XXVI-XXX",Tito Livio,Alianza  Editorial,12,SALA MARIO VARGAS LLOSA,,,,,,,,,,,,,,,
100,100,1  / C,5086,878.92 / A 88,Noches Áticas,Aulo Gelio,Alianza  Editorial,13,SALA MARIO VARGAS LLOSA,,,,,,,,,,,,,,,
101,101,1  / C,5044,880 / L85,Dafnis y Cloe,Longo de lesbos,Alianza  Editorial,14,SALA MARIO VARGAS LLOSA,,,,,,,,,,,,,,,
102,102,1  / C,5033,882.1 / E91,Tragedias,Esquilo,Alianza  Editorial,15,SALA MARIO VARGAS LLOSA,,,,,,,,,,,,,,,
103,103,1  / C,5013,882.2 / S64,Ayax las traquinias antigona edipo rey.,Sófocles,Alianza  Editorial,16,SALA MARIO VARGAS LLOSA,,,,,,,,,,,,,,,
104,104,1  / C,5036,882.2 / S64E,Electra filoctetes Edipo en Colono,Sófocles,Alianza  Editorial,17,SALA MARIO VARGAS LLOSA,,,,,,,,,,,,,,,
105,105,1  / C,5045,882.3 / E95,Las troyanas,Eurípides,Alianza  Editorial,18,SALA MARIO VARGAS LLOSA,,,,,,,,,,,,,,,
106,106,1  / C,5055,882.3 / E95A,Andrómaca heracles loco las bacantes,Eurípides,Alianza  Editorial,19,SALA MARIO VARGAS LLOSA,,,,,,,,,,,,,,,
107,107,1  / C,5095,882.3 / E95F,Finicias suplicantes hera clidas,Eurípides,Alianza  Editorial,20,SALA MARIO VARGAS LLOSA,,,,,,,,,,,,,,,
108,108,1  / C,5078,882.3 / E95H,Hécuba helena Ifigenia entre los tauros,Eurípides,Alianza  Editorial,21,SALA MARIO VARGAS LLOSA,,,,,,,,,,,,,,,
109,109,1  / C,5047,882.3 / E95I,Ifigenia en aulide electra. Orestes,Eurípides,Alianza  Editorial,22,SALA MARIO VARGAS LLOSA,,,,,,,,,,,,,,,
110,110,1  / C,5020,882.4 / A72,Las nubes lisístrata dinero,Aristófanes,Alianza  Editorial,23,SALA MARIO VARGAS LLOSA,,,,,,,,,,,,,,,
111,111,1  / C,5072,882.43 / A72,Los pájaros las ranas las asambleístas,Aristófanes,Alianza  Editorial,24,SALA MARIO VARGAS LLOSA,,,,,,,,,,,,,,,
112,112,1  / C,5021,883.2 / H48,Teogonía trabajos y días escudo certamen,Hesiodo,Alianza  Editorial,25,SALA MARIO VARGAS LLOSA,,,,,,,,,,,,,,,
113,113,1  / C,5065,883.12 / H72,Odisea,Homero,Alianza  Editorial,26,SALA MARIO VARGAS LLOSA,,,,,,,,,,,,,,,
114,114,1  / C,5038,884 / A,Antología de la poesía lirica griega: ( Siglos VII-IV a.c.),"Selección, Prólogo y Traducción de Carlos García Gual",Alianza  Editorial,27,SALA MARIO VARGAS LLOSA,,,,,,,,,,,,,,,
115,115,1  / C,5001,871.21 / O93,Metamorfosis,Ovidio,Alianza Editorial,28,SALA MARIO VARGAS LLOSA,,,,,,,,,,,,,,,
116,116,1  / C,5081,885.5 / P68D,Vidas paralelas: Demetrio- Antonio,Plutarco,Alianza  Editorial,29,SALA MARIO VARGAS LLOSA,,,,,,,,,,,,,,,
117,117,1  / C,5006,885.51/ P68,Vidas paralelas: Alcibiades-Coriolano : Sertorio - Eumene.,Plutarco,Alianza  Editorial,30,SALA MARIO VARGAS LLOSA,,,,,,,,,,,,,,,
118,118,1  / C,5053,885.51 / P68V,Vidas paralelas: Alejandro Magno- Cesar.,Plutarco,Alianza  Editorial,31,SALA MARIO VARGAS LLOSA,,,,,,,,,,,,,,,
119,119,1  / C,5034,887 / G14,Epigramas eróticos griegos : antología palatina. (Libros V y XII),"Galán Vioque, Guillermo y Miguel A. Márquez Guerrero",Alianza  Editorial,32,SALA MARIO VARGAS LLOSA,,,,,,,,,,,,,,,
120,120,1  / C,5082,888 / E92,Geografía de Iberia,Estrabón,Alianza  Editorial,33,SALA MARIO VARGAS LLOSA,,,,,,,,,,,,,,,
121,121,1  / C,5076,888 / J39,Anábasis,Jenofonte,Alianza  Editorial,34,SALA MARIO VARGAS LLOSA,,,,,,,,,,,,,,,
122,122,1  / C,5022,888 / P29,Descripción de Grecia : Ática y Élide,Pausanias,Alianza  Editorial,35,SALA MARIO VARGAS LLOSA,,,,,,,,,,,,,,,
123,123,1  / C,5061,888 / S51,Biblioteca historica. Libros I-III,"Sículo, Diodoro",Alianza  Editorial,36,SALA MARIO VARGAS LLOSA,,,,,,,,,,,,,,,
124,124,1  / C,5043,888.1 / H41,Historia,Heródoto,Alianza  Editorial,37,SALA MARIO VARGAS LLOSA,,,,,,,,,,,,,,,
125,125,1  / C,5087,888.2 / T87,Historia de la guerra del peloponeso,Tucídides,Alianza  Editorial,38,SALA MARIO VARGAS LLOSA,,,,,,,,,,,,,,,
126,126,1  / C,5010,888.7 / S19,Relatos fantásticos,"Samosata, Luciano de",Alianza  Editorial,39,SALA MARIO VARGAS LLOSA,,,,,,,,,,,,,,,
127,127,1  / C,5075,888.7 / S19D,Diálogos de los dioses : diálogos de los muertos : diálogo de los marinos : dialogo de las cortesanas,"Samósata, Luciano de",Alianza  Editorial,40,SALA MARIO VARGAS LLOSA,,,,,,,,,,,,,,,
128,128,1  / C,5088,888.35 / P75,Historia de Roma,Polibio,Alianza  Editorial,41,SALA MARIO VARGAS LLOSA,,,,,,,,,,,,,,,
129,129,1  / C,5023,888.321 / L,Utopías del mundo antiguo : antología de textos,"Lens Tuero, Jesús y  Javier Campos Daroca.",Alianza  Editorial,42,SALA MARIO VARGAS LLOSA,,,,,,,,,,,,,,,
130,130,1  / C,5091,888.51 / P68,Consejos políticos / sobre el exilio,Plutarco,Alianza  Editorial,43,SALA MARIO VARGAS LLOSA,,,,,,,,,,,,,,,
131,131,1  / C,5030,889 / C42,Consejos de un aristócrata bizantino,Cecaumeno,Alianza  Editorial,44,SALA MARIO VARGAS LLOSA,,,,,,,,,,,,,,,
132,132,1  / C,5008,938 / G63,Introducción a  la Grecia Antigua,"Gómez Espelusín, F.Javier",Alianza  Editorial,45,SALA MARIO VARGAS LLOSA,,,,,,,,,,,,,,,
133,133,1  / C,5031,971.6 / F34,Fábulas,Fedro,Alianza  Editorial,46,SALA MARIO VARGAS LLOSA,,,,,,,,,,,,,,,
134,134,1 / D,5513,808.88 / A43,"Cuentos, 1","Allan Poe, Edgar : Prólogo, traducción y notas de Julio Cortázar",Alianza Editorial,1,SALA MARIO VARGAS LLOSA,,,,,,,,,,,,,,,
135,135,1 / D,5514,808.88 / A43C,"Cuentos, 2","Allan Poe, Edgar : Prólogo, traducción y notas de Julio Cortázar",Alianza Editorial,2,SALA MARIO VARGAS LLOSA,,,,,,,,,,,,,,,
136,136,1 / D,5598,808.88 / A43E,Eureka,"Allan Poe, Edgar : Prólogo, traducción y notas de Julio Cortázar",Alianza Editorial,3,SALA MARIO VARGAS LLOSA,,,,,,,,,,,,,,,
137,137,1 / D,5540,808.88 / A435,Narracción de Arthur Gordon Pyn,"Allan Poe, Edgar : Prólogo, traducción y notas de Julio Cortázar",Alianza Editorial,4,SALA MARIO VARGAS LLOSA,,,,,,,,,,,,,,,
138,138,1 / D,5579,808.88 / A88,Orgullo y prejuicio,"Austen, Jane : Traducción de José luis Muñoz",Alianza Editorial,5,SALA MARIO VARGAS LLOSA,,,,,,,,,,,,,,,
139,139,1 / D,5533,808.88 / B28,Las flores del mal,"Baudelaire, Charles : Versión española de Antonio Martínez Sarrión",Alianza Editorial,6,SALA MARIO VARGAS LLOSA,,,,,,,,,,,,,,,
140,140,1 / D,5578,808.88 / B61,Antología bilingúe,"Blake, William Introducción y traducción de Enrique Caracciolo Trejo",Alianza Editorial,7,SALA MARIO VARGAS LLOSA,,,,,,,,,,,,,,,
141,141,1 / D,5644,808 .88 / B67,"El Decamerón, 2","Boccaccio, Giovanni",Alianza Editorial,8,SALA MARIO VARGAS LLOSA,,,,,,,,,,,,,,,
142,142,1 / D,5636,808 .88 / B94,Antología,"Burana Carmina : Selección, traducción y comentario de Juan A. Estévez Sola",Alianza Editorial,9,SALA MARIO VARGAS LLOSA,,,,,,,,,,,,,,,
143,143,1 / D,5542,808.88 / B282,El esplín de parís (pequeños poemas en prosa),"Baudelaire, Charles : Traducción, introducción y noptas de Francisco Torres Monreal",Alianza Editorial,10,SALA MARIO VARGAS LLOSA,,,,,,,,,,,,,,,
144,144,1 / D,5596,808.88 / C32,La fuga de los plomos,"Casanova, Glacomo :Traducción y prólogo de Ángel Crespo",Alianza Editorial,11,SALA MARIO VARGAS LLOSA,,,,,,,,,,,,,,,
145,145,1 / D,5635,808 .88 / C46,Vida,"Cellini, Benvenuto : Traducción y Prólogo de Valentí Gómez Oliver",Alianza Editorial,12,SALA MARIO VARGAS LLOSA,,,,,,,,,,,,,,,
146,146,1 / D,5613,808.88 / C81,La Línea de Sombra,"Conrad, Joseph",Alianza Editorial,13,SALA MARIO VARGAS LLOSA,,,,,,,,,,,,,,,
147,147,1 / D,5603,808.88 / Ch527,Memorias de ultratumba,Chateaubriand : Selección y prólogo de Arturo Ramoneda,Alianza Editorial,14,SALA MARIO VARGAS LLOSA,,,,,,,,,,,,,,,
148,148,1 / D,5516,808.88 / Ch539,La señora del perrito y otros cuentos,"Chéjov, Antón : Selección, traducción y nota de Juan Lopéz-Morillas",Alianza Editorial,15,SALA MARIO VARGAS LLOSA,,,,,,,,,,,,,,,
149,149,1 / D,5597,808.88 / Ch539I,Ivánov, La gaviota, Tío Ványa,"Chéjov, Antón : Traducción directa del ruso y nota preliminar de Juan López-Morillas",Alianza Editorial,16,SALA MARIO VARGAS LLOSA,,,,,,,,,,,,,
150,150,1 / D,5570,808.88 / Ch539P,El pabellón N° 6 y otros relatos,"Chéjov, Antón : Prólogo de Maxim Gorki",Alianza Editorial,17,SALA MARIO VARGAS LLOSA,,,,,,,,,,,,,,,
151,151,1 / D,5569,808.88 / Ch539T,Las tres hermanas, El huerto de los cerezos,"Chéjov, Antón : Selección, traducción y nota de Juan Lopéz-Morillas",Alianza Editorial,18,SALA MARIO VARGAS LLOSA,,,,,,,,,,,,,,
152,152,1 / D,5591,808.88 / Ch539V,Mi vida, Relato de un hombre de provincias,"Chéjov, Antón : Traducción de Ricardo San Vicente",Alianza Editorial,19,SALA MARIO VARGAS LLOSA,,,,,,,,,,,,,,
153,153,1 / D,5594,808.88 / Ch539V6,El violín de Rothschild y otros relatos,"Chéjov, Antón : Traducción directa del ruso y nota preliminar de Juan López-Morillas",Alianza Editorial,20,SALA MARIO VARGAS LLOSA,,,,,,,,,,,,,,,
154,154,1 / D,5580,808.88 / D11L,Las diabólicas,"D' Aurevilly, Jules Barbey",Alianza Editorial,21,SALA MARIO VARGAS LLOSA,,,,,,,,,,,,,,,
155,155,1 / D,5544,808.88 / D93,"Crimen y castigo, 1","Dostoievski, F. M. : Traducción deJuan López- Morillas",Alianza Editorial,22,SALA MARIO VARGAS LLOSA,,,,,,,,,,,,,,,
156,156,1 / D,5558,808.88 / D93A,Apuntes de subsuelo,"Dostoievski, F. M. : Traducción deJuan López- Morillas",Alianza Editorial,23,SALA MARIO VARGAS LLOSA,,,,,,,,,,,,,,,
157,157,1 / D,5545,808.88 / D93C,crimen y castigo,"Dostoievski, F. M. : Traducción deJuan López- Morillas",Alianza Editorial,24,SALA MARIO VARGAS LLOSA,,,,,,,,,,,,,,,
158,158,1 / D,5555,808.88 / D93D1,"Los demonios, 1","Dostoievski, F. M. : Traducción deJuan López- Morillas",Alianza Editorial,25,SALA MARIO VARGAS LLOSA,,,,,,,,,,,,,,,
159,159,1 / D,5556,808.88 / D93D2,"Los demonios, 2","Dostoievski, F. M. : Traducción deJuan López- Morillas",Alianza Editorial,26,SALA MARIO VARGAS LLOSA,,,,,,,,,,,,,,,
160,160,1 / D,5547,808.88 / D93J,El jugador,"Dostoievski, F. M. : Traducción deJuan López- Morillas",Alianza Editorial,27,SALA MARIO VARGAS LLOSA,,,,,,,,,,,,,,,
161,161,1 / D,5562,808.88 / D93N,Noches blancas, El pequeño héroe, Un episodio vergonzoso,"Dostoievski, F. M. : Traducción deJuan López- Morillas",Alianza Editorial,28,SALA MARIO VARGAS LLOSA,,,,,,,,,,,,,
162,162,1 / D,5517,808.88 / E13,El crimen del padre Amaro,"Eca de Queiroz, José Maria : Traducción de Eduardo Naval",Alianza Editorial,29,SALA MARIO VARGAS LLOSA,,,,,,,,,,,,,,,
163,163,1 / D,5605,808.88 / E13E,El primo Basilio,"Eca de Queiroz, José Maria",Alianza Editorial,30,SALA MARIO VARGAS LLOSA,,,,,,,,,,,,,,,
164,164,1 / D,5441,808.88 / F39,La comedia nueva: El sí de las niñas: Edición de Manuel Fernández Nieto,Fernández de Moratín Nieto,Alianza  Editorial,31,SALA MARIO VARGAS LLOSA,,,,,,,,,,,,,,,
165,165,1 / D,5515,808.88 / F56,La educación sentimental,"Flaubert, Gustave : Prólogo y notas de Miguel Sabert",Alianza Editorial,32,SALA MARIO VARGAS LLOSA,,,,,,,,,,,,,,,
166,166,1 / D,5523,808.88 / F57,Tres cuentos,"Flaubert, Gustave : Prólogo, traducción y notas de Mauro Armiño",Alianza Editorial,33,SALA MARIO VARGAS LLOSA,,,,,,,,,,,,,,,
167,167,1 / D,5536,808.88 / F568,Madame Bovary,"Flaubert, Gustave : Prólogo de Mario Vargas Llosa",Alianza Editorial,34,SALA MARIO VARGAS LLOSA,,,,,,,,,,,,,,,
168,168,1 / D,5648,808 .88 / G56,Almas muertas,"Gogol, Nikolai",Alianza Editorial,35,SALA MARIO VARGAS LLOSA,,,,,,,,,,,,,,,
169,169,1 / D,5654,808 .88 / G56E,El inspector,"Gogol, Nikolai",Alianza Editorial,36,SALA MARIO VARGAS LLOSA,,,,,,,,,,,,,,,
170,170,1 / D,5659,808 .88 / G56V,Veladas de Dikanka,"Gogol, Nikolai : Traducción y notas de José Laín Entralgo",Alianza Editorial,37,SALA MARIO VARGAS LLOSA,,,,,,,,,,,,,,,
171,171,1 / D,5551,808.88 / G57,Las afinidades electivas,"Goethe, Johann Wolfgang : Prólogo y traducción de Helena Cortés Gabaudan",Alianza Editorial,38,SALA MARIO VARGAS LLOSA,,,,,,,,,,,,,,,
172,172,1 / D,5634,808 .88 / G57F,Fausto,"Goethe, Johann Wolfgang : Prólogo de Francisco Ayala  Traducción de José Roviralta Borrell",Alianza Editorial,39,SALA MARIO VARGAS LLOSA,,,,,,,,,,,,,,,
173,173,1 / D,5655,808 .88 / G811,"Cuentos completos, 1","Grimm, Jacob y Wilhelm",Alianza Editorial,40,SALA MARIO VARGAS LLOSA,,,,,,,,,,,,,,,
174,174,1 / D,5656,808 .88 / G812,"Cuentos completos, 2","Grimm, Jacob y Wilhelm",Alianza Editorial,41,SALA MARIO VARGAS LLOSA,,,,,,,,,,,,,,,
175,175,1 / D,5657,808 .88 / G813,"Cuentos completos, 3","Grimm, Jacob y Wilhelm",Alianza Editorial,42,SALA MARIO VARGAS LLOSA,,,,,,,,,,,,,,,
176,176,1 / D,5658,808 .88 / G814,"Cuentos completos, 4","Grimm, Jacob y Wilhelm",Alianza Editorial,43,SALA MARIO VARGAS LLOSA,,,,,,,,,,,,,,,
177,177,1 / D,5649,808 .88 / G539E,El beso y otros cuentos,"Chéjov, Antón : Selección, introducción y traducción de Ricardo San Vicente",Alianza Editorial,44,SALA MARIO VARGAS LLOSA,,,,,,,,,,,,,,,
178,178,1 / E,5585,808.88 / H66,"Cuentos, 1","Hoffmann, E.T.A.",Alianza Editorial,1,SALA MARIO VARGAS LLOSA,,,,,,,,,,,,,,,
179,179,1 / E,5549,808.88 / I25,Casa de muñecas Hedda Gabler,"Ibsen, Henrik",Alianza Editorial,2,SALA MARIO VARGAS LLOSA,,,,,,,,,,,,,,,
180,180,1 / E,5526,808.88 / I77,El libro del castellano de coucy, La leyenda del corazón comido,Introducción de Isabel de Riquer, Traducción de Meritxell Simó Torres,Alianza Editorial,3,SALA MARIO VARGAS LLOSA,,,,,,,,,,,,,
181,181,1 / E,5554,808.88 / J19,Otra Vuelta de Tuerca,"James, Henry. : Traducción de José Luis López Muñoz",Alianza Editorial,4,SALA MARIO VARGAS LLOSA,,,,,,,,,,,,,,,
182,182,1 / E,5633,808 .88 / J19W,Washington Square,"James, Henry : Traducción y nota final de María Luisa Balseiro",Alianza Editorial,5,SALA MARIO VARGAS LLOSA,,,,,,,,,,,,,,,
183,183,1 / E,5604,808.88 / J24,El cantar de Roldán,Versión de Benjamín Jarnés : Introducción de Juan Manuel Cacho Blecua,Alianza Editorial,6,SALA MARIO VARGAS LLOSA,,,,,,,,,,,,,,,
184,184,1 / E,5641,808 .88 / J81,Segunda antología de la poesía china,"Juan, Marcela de : Presentación de Antonio Segura Morís",Alianza Editorial,7,SALA MARIO VARGAS LLOSA,,,,,,,,,,,,,,,
185,185,1 / E,5621,808 .88 / K61,La marquesa de O... y otros cuentos,"Kleist, Heinrich von : traducción y prólogo de Carmen Bravo- villasante",Alianza Editorial,8,SALA MARIO VARGAS LLOSA,,,,,,,,,,,,,,,
186,186,1 / E,5615,808.88 / L13,Las amistades peligrosas,"Laclos, Choderlos de",Alianza Editorial,9,SALA MARIO VARGAS LLOSA,,,,,,,,,,,,,,,
187,187,1 / E,5612,808.88 / L17,Lais,"Francia, María de : Introducción, traducción y notas de Carlos Alvar",Alianza Editorial,10,SALA MARIO VARGAS LLOSA,,,,,,,,,,,,,,,
188,188,1 / E,5541,808.88 / L85,Relatos de los mares del sur,"London, Jack",Alianza Editorial,11,SALA MARIO VARGAS LLOSA,,,,,,,,,,,,,,,
189,189,1 / E,5593,808.88 / M13,Memorias póstumas de Blas Cubas,"Machado de Assis, Joaquim Maria",Alianza Editorial,12,SALA MARIO VARGAS LLOSA,,,,,,,,,,,,,,,
190,190,1 / E,5632,808 .88 / M29,La casa Tellier y otros cuentos eróticos,"Maupassant, Guy de : Selección y traducción de Esther Benítez",Alianza Editorial,13,SALA MARIO VARGAS LLOSA,,,,,,,,,,,,,,,
191,191,1 / E,5642,808 .88 / M29U,Un día de campo y otros cuentos galantes,"Maupassant, Guy de : Selección y traducción de Esther Benítez",Alianza Editorial,14,SALA MARIO VARGAS LLOSA,,,,,,,,,,,,,,,
192,192,1 / E,5581,808.88 / M41,Bartleby el escribiente,"Melville, Herman : Prólogo de Jorge Luis Borges",Alianza Editorial,15,SALA MARIO VARGAS LLOSA,,,,,,,,,,,,,,,
193,193,1 / E,5512,808.88 / N57,Historias de San Petersburgo,Nikolai Gogol : Traducción directa del ruso y nota preliminar de Juan López-Morillas,Alianza Editorial,16,SALA MARIO VARGAS LLOSA,,,,,,,,,,,,,,,
194,194,1 / E,5584,808.88 / M81,Tartufo o el impostor, Don Juan o el festín de piedra,Moliére : Traducción y prólogo de Carlos R. de Dampiere,Alianza Editorial,17,SALA MARIO VARGAS LLOSA,,,,,,,,,,,,,,
195,195,1 / E,5617,808.88 / M81A,El avaro El enfermo imaginario,"Moliére, Poquelin Jean Baptiste : Traducción y prólogo de Francisco Castaño",Alianza Editorial,18,SALA MARIO VARGAS LLOSA,,,,,,,,,,,,,,,
196,196,1 / E,5651,808 .88 / P48,Cancionero,Petrarca : Versión de Ángel Crespo,Alianza Editorial,19,SALA MARIO VARGAS LLOSA,,,,,,,,,,,,,,,
197,197,1 / E,5532,808.88 / P98,La hija del capitán,"Pushkin, Alexander S. : Traducción, introducción y notas de Ricardo San Vicente",Alianza Editorial,20,SALA MARIO VARGAS LLOSA,,,,,,,,,,,,,,,
198,198,1 / E,5623,808 .88 / Q49,La rebelión de los tártaros,"Quincey, Thomas de : Prólogo y traducción de Luis Loayza",Alianza Editorial,21,SALA MARIO VARGAS LLOSA,,,,,,,,,,,,,,,
199,199,1 / E,5650,808 .88 / Q49S,Suspiria de profundis,"Quincey, Thomas de : Continuación de las confesiones de un inglés comedor de opio",Alianza Editorial,22,SALA MARIO VARGAS LLOSA,,,,,,,,,,,,,,,
200,200,1 / E,5565,808.88 / Q52,Del asesinato considerado como una de las bellas artes,"Quincey, Thomas de : Prólogo y traducción de Luis Loayza",Alianza Editorial,23,SALA MARIO VARGAS LLOSA,,,,,,,,,,,,,,,
201,201,1 / E,5587,808.88 / Q52C,Confesiones de un inglés, Comedor de opio,"Quincey, Thomas de : Prólogo y traducción de Luis Loayza",Alianza Editorial,24,SALA MARIO VARGAS LLOSA,,,,,,,,,,,,,,
202,202,1 / E,5559,808.88 / R11,La luna nueva, El jardinero, Ofrenda lírica,Rabindranaz Tagore : Traducción de Zenobia y Juan Ramón Jiménez,Alianza Editorial,25,SALA MARIO VARGAS LLOSA,,,,,,,,,,,,,
203,203,1 / E,5646,808.88 / R11G,Gargantúa,"Rabelais, Francois",Alianza Editorial,26,SALA MARIO VARGAS LLOSA,,,,,,,,,,,,,,,
204,204,1 / E,5660,808 .88 / R18,Sobre el amor,Rainer Maria Rilke : Selección de Vera Hauschild Traducción de Carmen Gauder,Alianza Editorial,27,SALA MARIO VARGAS LLOSA,,,,,,,,,,,,,,,
205,205,1 / E,5553,808.88 / S19,Las Mil y Una Noches (Antología),"Selección, traducción, introducción y notas de: Julio Samsó",Alianza  Editorial,28,SALA MARIO VARGAS LLOSA,,,,,,,,,,,,,,,
206,206,1 / E,5583,808.88 / S21,Cartas de Abelardo y Eloísa,Introducción de Pedro R. Santidrián,Alianza Editorial,29,SALA MARIO VARGAS LLOSA,,,,,,,,,,,,,,,
207,207,1 / E,5518,808.88 / S47,Frankenstein o el moderno prometeo,"Shelley, Mary W. : Traducción de Francisco torres Oliver",Alianza Editorial,30,SALA MARIO VARGAS LLOSA,,,,,,,,,,,,,,,
208,208,1 / E,5631,808 .88 / S471M,El mercader de Venecia,"Shakespeare , William : Prólogo de Vicente Molina Foix",Alianza Editorial,31,SALA MARIO VARGAS LLOSA,,,,,,,,,,,,,,,
209,209,1 / E,5620,808 .88 / S47H,Hamlet,"Shakespeare , William : Prólogo de Vicente Molina Foix",Alianza Editorial,32,SALA MARIO VARGAS LLOSA,,,,,,,,,,,,,,,
210,210,1 / E,5630,808 .88 / S47O,Otelo,"Shakespeare , William : Prólogo de Vicente Molina Foix",Alianza Editorial,33,SALA MARIO VARGAS LLOSA,,,,,,,,,,,,,,,
211,211,1 / E,5519,808.88 / S47M,Macbeth,"Shakespeare , William : Ediccióny traducción Instituto Shakespeare, bajo la dirección de Manuel Ángel Conejero",Alianza Editorial,34,SALA MARIO VARGAS LLOSA,,,,,,,,,,,,,,,
212,212,1 / E,5520,808.88 / S47R1,El Rey Lear,"Shakespeare , William : Ediccióny traducción Instituto Shakespeare, bajo la dirección de Manuel Ángel Conejero",Alianza Editorial,35,SALA MARIO VARGAS LLOSA,,,,,,,,,,,,,,,
213,213,1 / E,5566,808.88 / S79,La cartuja de parma,"Stendhal : Traducción, prólogo y notas de Consuelo Berges",Alianza Editorial,36,SALA MARIO VARGAS LLOSA,,,,,,,,,,,,,,,
214,214,1 / E,5647,808 .88 / S79C,Crónicas italianas,"Stendhal : Traducción, prólogo y notas de Consuelo Berges",Alianza Editorial,37,SALA MARIO VARGAS LLOSA,,,,,,,,,,,,,,,
215,215,1 / E,5595,808.88 / S79D,Del amor,"Stendhal : Traducción, prólogo y notas de Consuelo Berges",Alianza Editorial,38,SALA MARIO VARGAS LLOSA,,,,,,,,,,,,,,,
216,216,1 / E,5527,808.88 / S79D9,El Dr. Jekyll y Mr. Hyde,"Stevenson, Robert Louis",Alianza Editorial,39,SALA MARIO VARGAS LLOSA,,,,,,,,,,,,,,,
217,217,1 / E,5639,808 .88 / S79E,El Weir de Hermiston,"Stevenson, Robert Louis",Alianza Editorial,40,SALA MARIO VARGAS LLOSA,,,,,,,,,,,,,,,
218,218,1 / E,5567,808.88 / S79R,Rojo y negro,"Stendhal : Traducción, prólogo y notas de Consuelo Berges",Alianza Editorial,41,SALA MARIO VARGAS LLOSA,,,,,,,,,,,,,,,
219,219,1 / E,5628,808 .88 / S79V,Virginibus puerisque y otros ensayos,"Stevenson, Robert Louis :Traducción de Eulalia Galvarriato Edicción de José Polo y Ana Pinto",Alianza Editorial,42,SALA MARIO VARGAS LLOSA,,,,,,,,,,,,,,,
220,220,1 / E,5616,808.88 / T14,El cartero del rey El asceta El rey y la reina,"Tagore, Rabindranaz :Traducción de Zenobia y Juan Ramón Jiménez, según el texto inglés, escrito y revisado por el propio autor",Alianza Editorial,43,SALA MARIO VARGAS LLOSA,,,,,,,,,,,,,,,
221,221,1 / E,5625,808 .88 / T14C,La cosecha Regalo de amante Tránsito La fujitiva,"Tagore, Rabindranaz :Traducción de Zenobia y Juan Ramón Jiménez, según el texto inglés, escrito y revisado por el propio autor",Alianza Editorial,44,SALA MARIO VARGAS LLOSA,,,,,,,,,,,,,,,
222,222,1 / E,5652,808 .88 / T14L,Las piedras hambrientas,"Tagore, Rabindranaz :Traducción de Zenobia y Juan Ramón Jiménez, según el texto inglés, escrito y revisado por el propio autor",Alianza Editorial,45,SALA MARIO VARGAS LLOSA,,,,,,,,,,,,,,,
223,223,1 / E,5574,808.88 / T68,La muerte de Ivan Ilich Hadyi Murad,"Tolstoi, León : Versión directa del ruso y notas preliminares de Juan López- Morillas",Alianza Editorial,46,SALA MARIO VARGAS LLOSA,,,,,,,,,,,,,,,
224,224,1 / E,5530,808.88 / V84,Cándido y otros cuentos,Voltaire : Selección y nota preliminar de Paulino Garagorri,Alianza Editorial,47,SALA MARIO VARGAS LLOSA,,,,,,,,,,,,,,,
225,225,1 / E,5608,808.88 / V84Z,Zadig y otros cuentos,"Voltaire : Traducción, prólogo y notas de Mauro Armiño",Alianza Editorial,48,SALA MARIO VARGAS LLOSA,,,,,,,,,,,,,,,
226,226,1 / E,5619,808 .88 / V86,La leyenda dorada,"Vorágine, Santiago de la : Prólogo y selección de Alberto Manguel",Alianza Editorial,49,SALA MARIO VARGAS LLOSA,,,,,,,,,,,,,,,
227,227,1 / E,5624,808 .88 / W19,Cuentos Jeroglíficos,"Walpole, Horace : Traducción, prólogo, notas y apéndice de Luis Alberto de Cuenca",Alianza Editorial,50,SALA MARIO VARGAS LLOSA,,,,,,,,,,,,,,,
228,228,1 / E,5564,808.88 / W29,Cuentos de la Alhambra,Washington Irving : Prólogo de Andrés Soria,Alianza Editorial,51,SALA MARIO VARGAS LLOSA,,,,,,,,,,,,,,,
229,229,1 / E,5534,808.88 / W54,Hojas de hierba, Antología bilingüe,"Whitman, Walt : Selección, introducción de Manuel Villar Raso",Alianza Editorial,52,SALA MARIO VARGAS LLOSA,,,,,,,,,,,,,,
230,230,1 / E,5528,808.88 / W56,El retrato de Dorian Gray,"Wilde, Oscar : Traducción de José Luis López Muñoz",Alianza Editorial,53,SALA MARIO VARGAS LLOSA,,,,,,,,,,,,,,,
231,231,1 / F,5637,808 .88 / Z85,La Jauría,Zola Émile : Traducción y notas de Esther Benítez,Alianza Editorial,1,SALA MARIO VARGAS LLOSA,,,,,,,,,,,,,,,
232,232,1 / F,5645,808 .88 / Z85E,El Vientre de París,Zola Émile : Traducción y notas de Esther Benítez,Alianza Editorial,2,SALA MARIO VARGAS LLOSA,,,,,,,,,,,,,,,
233,233,1 / F,5661,808 .88 / Z85L,La conquista de plassans,Zola Émile : Traducción y notas de Esther Benítez,Alianza Editorial,3,SALA MARIO VARGAS LLOSA,,,,,,,,,,,,,,,
234,234,1 / F,5430,808.88 / A34,La regenta,Clarín (Leopoldo Alas), Prólogo de: Ricardo Gullón,Alianza  Editorial,4,SALA MARIO VARGAS LLOSA,,,,,,,,,,,,,,
235,235,1 / F,5449,808.88 / A35,El sombrero de tres picos,"Alarcón, Pedro Antonio de : Introducción de Jorge Campos",Alianza  Editorial,5,SALA MARIO VARGAS LLOSA,,,,,,,,,,,,,,,
236,236,1 / F,5476,808 .88 / A61,Poema de Mio Cid,Anónimo , Edición de: José Jesús de Bustos Tovar,Alianza  Editorial,6,SALA MARIO VARGAS LLOSA,,,,,,,,,,,,,,
237,237,1 / F,5432,808.88 / B34,Leyendas,"Bécquer, Gustavo Adolfo",Alianza  Editorial,7,SALA MARIO VARGAS LLOSA,,,,,,,,,,,,,,,
238,238,1 / F,5473,808.88 / B34R,Rimas,"Bécquer, Gustavo Adolfo : Edición de Jesús Rubio Jiménez",Alianza  Editorial,8,SALA MARIO VARGAS LLOSA,,,,,,,,,,,,,,,
239,239,1 / F,5466,808.88 / C21,La vida es sueño,"Calderón de la Barca, Pedro : Introducción y notas de Domingo Ynduráin",Alianza  Editorial,9,SALA MARIO VARGAS LLOSA,,,,,,,,,,,,,,,
240,240,1 / F,5472,808.88 / C35,Poesías,"Castro, Rosalía de : Selección, traducción e introducción de Mauro Armiño",Alianza  Editorial,10,SALA MARIO VARGAS LLOSA,,,,,,,,,,,,,,,
241,241,1 / F,5455,808.88 / CL68,Doña Berta y otras narraciones,"Clarín (Leopoldo Alas); Selección, introducción y notas de Leonardo Romero Tobar",Alianza  Editorial,11,SALA MARIO VARGAS LLOSA,,,,,,,,,,,,,,,
242,242,1 / F,5442,808.88 / J81,El conde Lucanor: Edición de Alonso I. Sotelo,Don Juan Manuel,Alianza  Editorial,12,SALA MARIO VARGAS LLOSA,,,,,,,,,,,,,,,
243,243,1 / F,5470,808.88 / L11,Peribáñez Fuente Ovejuna,Lope de Vega :Edición de Alberto Blecua,Alianza  Editorial,13,SALA MARIO VARGAS LLOSA,,,,,,,,,,,,,,,
244,244,1 / F,5479,808.88 / L26,Artículos,"Larra, Mariano José de ; Edición de: Pablo Jauralde García",Alianza  Editorial,14,SALA MARIO VARGAS LLOSA,,,,,,,,,,,,,,,
245,245,1 / F,5446,,Lazarillo de Tormes,Edición de Antonio Rey Hazas,Alianza  Editorial,15,SALA MARIO VARGAS LLOSA,,,,,,,,,,,,,,,
246,246,1 / F,5445,808.88 / L768,Libro de la orden de caballería,"Llull, Ramon : Nota preliminar y traducción de Luis Alberto de Cuenca",Alianza  Editorial,16,SALA MARIO VARGAS LLOSA,,,,,,,,,,,,,,,
247,247,1 / F,5440,808.88 / M81,El burlador de Sevilla: Edición de Héctor Brioso,"Molina, Tirso de",Alianza  Editorial,17,SALA MARIO VARGAS LLOSA,,,,,,,,,,,,,,,
248,248,1 / F,5454,808.88 / P26,La tribuna,"Pardo Bazán, Emilia : Introducción y notas de Marisa Sotelo Vázquez",Alianza  Editorial,18,SALA MARIO VARGAS LLOSA,,,,,,,,,,,,,,,
249,249,1 / F,5429,808.88 / Q37,El buscón,"Quevedo, Francisco de ; Edición de: Pablo Jaural de Pou",Alianza  Editorial,19,SALA MARIO VARGAS LLOSA,,,,,,,,,,,,,,,
250,250,1 / F,5433,808.88 / Q373,Antología poética,"Quevedo, Francisco de: Selección y prólogo de Jorge luis Borges",Alianza  Editorial,20,SALA MARIO VARGAS LLOSA,,,,,,,,,,,,,,,
251,251,1 / F,5436,808.88 / R24,"Antología del cuento español, 1 : Siglos XIII – XVIII","Ramoneda, Arturo",Alianza  Editorial,21,SALA MARIO VARGAS LLOSA,,,,,,,,,,,,,,,
252,252,1 / F,5464,808.88 / R47,Teatro breve del siglo de oro,Edición de Antonio Rey Hazas,Alianza  Editorial,22,SALA MARIO VARGAS LLOSA,,,,,,,,,,,,,,,
253,253,1 / F,5431,808.88 / R78,La celestina,"Rojas, Fernando de",Alianza  Editorial,23,SALA MARIO VARGAS LLOSA,,,,,,,,,,,,,,,
254,254,1 / F,5447,808.88 / V21,Juanita la larga,"Valera, Juan : Prólogo de Francisco Caudet",Alianza  Editorial,24,SALA MARIO VARGAS LLOSA,,,,,,,,,,,,,,,
255,255,1 / F,5468,808.88 / V21P,Pepita Jiménez,"Valera, Juan : Introducción y notas de Demetrio Estébanez Calderón",Alianza  Editorial,25,SALA MARIO VARGAS LLOSA,,,,,,,,,,,,,,,
256,256,1 / F,5451,808.88 / Z87D,Don Juan tenorio,"Zorrilla, José : Introducción de Jorge Campos",Alianza  Editorial,26,SALA MARIO VARGAS LLOSA,,,,,,,,,,,,,,,
257,1,1 -1 -  A,11650,184 / C242   E:1,Sobre los misterios egipcios,"Jámblico ; introducción, traducción y notas de Enrique Ángel Ramos Jurado",Editorial Gredos,1,SALA MARIO VARGAS LLOSA,,,,,,,,,,,,,,,
258,2,1 -1 -  A,11696,184 / C265  T.VIII  E:1,Diálogos VIII Leyes (libros I-VI),"Platón ;  introducción , traducción y notas de Francisco Lisi",Editorial Gredos,2,SALA MARIO VARGAS LLOSA,,,,,,,,,,,,,,,
259,3,1 -1 -  A,11698,184 / C266  E:1,Diálogos IX leyes (libros VII-XII),"Platón ;  introducción , traducción y notas de Francisco Lisi",Editorial Gredos,3,SALA MARIO VARGAS LLOSA,,,,,,,,,,,,,,,
260,4,1 -1 -  A,11816,184 / C330  T.I   E:1,Disertaciones filosóficas   I-XVII,Máximo de Tiro,Editorial Gredos,4,SALA MARIO VARGAS LLOSA,,,,,,,,,,,,,,,
261,5,1 -1 -  A,11818,184 / C331  T.II   E:1,Disertaciones filosóficas   XVIII - XLI,Máximo de Tiro,Editorial Gredos,5,SALA MARIO VARGAS LLOSA,,,,,,,,,,,,,,,
262,6,1 -1 -  A,11352,184.1 / C70   E:1,Constitución de los atenienses / Económicos,"Aristóteles y Pseudo-Aristóteles ; introducciones, traducciones y notas de Manuela García Valdés",Editorial Gredos,6,SALA MARIO VARGAS LLOSA,,,,,,,,,,,,,,,
263,7,1 -1 -  A,11393,184.1 / C93  T.III   E:1,"Diálogos III : Fedón, Banquete, Fedro","Platón ; traducciones, introducciones y notas por C. García Gual, M. Martínez Hernández, E. Lledó Íñigo",Editorial Gredos,7,SALA MARIO VARGAS LLOSA,,,,,,,,,,,,,,,
264,8,1 -1 -  A,11395,184.1 / C94  T.IV,Diálogos IV : República,"Platón ; introducción, traducción y notas por Conrado Eggers Lan",Editorial Gredos,8,SALA MARIO VARGAS LLOSA,,,,,,,,,,,,,,,
265,9,1 -1 -  A,11416,184.1 / C107   E:1,Acerca de la generación y la corrupción / Tratados breves de historia natural,"Aristóteles ; introducciones, traducciones  y notas de Ernesto la Croce y Alberto Bernabé Pajares",Editorial Gredos,9,SALA MARIO VARGAS LLOSA,,,,,,,,,,,,,,,
266,10,1 -1 -  A,11796,185 / C320   E:1,Problemas,Aristóteles,Editorial Gredos,10,SALA MARIO VARGAS LLOSA,,,,,,,,,,,,,,,
267,11,1 -1 -  A,11832,185.1 / C338   E:1,Fragmentos,"Aristóteles ; introducción, traducción y notas de Álvaro Vallejo Campos",Editorial Gredos,11,SALA MARIO VARGAS LLOSA,,,,,,,,,,,,,,,
268,12,1 -1 -  A,11247,188 / C5      E:1,Meditaciones,Marco Aurelio,Editorial Gredos,12,SALA MARIO VARGAS LLOSA,,,,,,,,,,,,,,,
269,13,1 -1 -  A,11546,188 / C185    E:1,Disertaciones por Arriano,"Epicteto ;  traducción, introducción y notas de Paloma Ortiz García  ",Editorial Gredos,13,SALA MARIO VARGAS LLOSA,,,,,,,,,,,,,,,
270,14,1 -1 -  A,11628,118 / C230   E:1,Los estoicos Antiguos,"intrducción, traducción y notas de Ángel J. Cappelletti",Editorial Gredos,14,SALA MARIO VARGAS LLOSA,,,,,,,,,,,,,,,
271,15,1 -1 -  A,11846,188 / C346  T.I   E:1,Testimonios y fragmentos I : testimonios. Fragmentos 1-318,"Crisipo de Solos ; introducción, selección de textos, traducción y notas de F. Javier Campos Daroca y Mariano Nava Contreras",Editorial Gredos,15,SALA MARIO VARGAS LLOSA,,,,,,,,,,,,,,,
272,16,1 -1 -  A,11848,188 / C347  T.II   E:1,Testimonios y fragmentos II : Fragmentos 319-606,Crisipo de Solos , traducción y notas de F. Javier Campos Daroca y Mariano Nava Contreras,Editorial Gredos,16,SALA MARIO VARGAS LLOSA,,,,,,,,,,,,,,
273,17,1 -1 -  A,11912,208 / C387   E:1,Confesiones,San Agustín,Editorial Gredos,17,SALA MARIO VARGAS LLOSA,,,,,,,,,,,,,,,
274,18,1 -1 -  A,11664,209 / C249  E:1,Historia Evangélica,"Juvenco; introducción, traducción y notas de Miguel Castillo Bejarano",Editorial Gredos,18,SALA MARIO VARGAS LLOSA,,,,,,,,,,,,,,,
275,19,1 -1 -  A,11874,210 / C364   E:1,La Ciudad de Dios,San Agustín,Editorial Gredos,19,SALA MARIO VARGAS LLOSA,,,,,,,,,,,,,,,
276,20,1 -1 -  A,11334,211 / C59  T.I   E:1,Los Gnósticos I,"Introducciones, traducción y notas José Montserrat Torrents",Editorial Gredos,20,SALA MARIO VARGAS LLOSA,,,,,,,,,,,,,,,
277,21,1 -1 -  A,11570,230 / C199   E:1,Protréptico,"Clemente de Alejandría ; introducción, traducción y notas de M.Consolación Isart Hernández",Editorial Gredos,21,SALA MARIO VARGAS LLOSA,,,,,,,,,,,,,,,
278,22,1 -1 -  A,11548,239 / C186   E:1,Himnos: tratados,"Sinesio de Cirene ; introducción, traducción y notas de Francisco Antonio García Romero",Editorial Gredos,22,SALA MARIO VARGAS LLOSA,,,,,,,,,,,,,,,
279,23,1 -1 -  A,11732,239  / C285   E:1,Apologético / a los gentiles,"Tertuliano ; introducción , traducción y notas de Carmen Castillo García",Editorial Gredos,23,SALA MARIO VARGAS LLOSA,,,,,,,,,,,,,,,
280,24,1 -1 -  A,11466,250 / C137   E:1,Instituciones divinas libros IV-VII,"Lactancio ; introducción, traducción y notas de E. Sánchez Salor",Editorial Gredos,24,SALA MARIO VARGAS LLOSA,,,,,,,,,,,,,,,
281,25,1 -1 -  A,11263,292 / C17  T.II   E:1,Discursos I-V,Juliano,Editorial Gredos,25,SALA MARIO VARGAS LLOSA,,,,,,,,,,,,,,,
282,26,1 -1 -  A,11310,292 / C45   E:1,Discursos VI-XII,"Juliano ; introducciones, traducción y notas de José García Blanco",Editorial Gredos,26,SALA MARIO VARGAS LLOSA,,,,,,,,,,,,,,,
283,27,1 -1 -  A,11314,292  / C47   E:1,Contra los Galileos / Cartas y fragmentos / Testimonios / Leyes,"Juliano ; introducciones, traducción y notas por José García Blanco y Pilar Jiménez Gapazo",Editorial Gredos,27,SALA MARIO VARGAS LLOSA,,,,,,,,,,,,,,,
284,28,1 -1 -  A,11379,292  / C85   E:1,Biblioteca,"Apolodoro; introducción de Javier Arce, traducción y notas de Margarita Rodríguez de Sepúlveda",Editorial Gredos,28,SALA MARIO VARGAS LLOSA,,,,,,,,,,,,,,,
285,29,1 -1 -  A,11356,320 / C72   E:1,Sobre la república,"Cicerón ; introducción, traducción, Apéndice y notas de Álvaro D`ors",Editorial Gredos,29,SALA MARIO VARGAS LLOSA,,,,,,,,,,,,,,,
286,30,1 -1 -  A,11432,320   / C116   E:1,Política,"Aristóteles ; introducción, traducción y notas de Manuela García Valdés",Editorial Gredos,30,SALA MARIO VARGAS LLOSA,,,,,,,,,,,,,,,
287,31,1 -1 -  A,11902,320 / C381   E:1,las leyes,"Marco Tulio Cicerón; traducción, introducción y notas de Carmen Teresa Pabón de Acuña",Editorial Gredos,31,SALA MARIO VARGAS LLOSA,,,,,,,,,,,,,,,
288,32,1 -1 -  A,11502,355.4  / C157   E:1,Poliorcética : Estratagemas,"Eneas el Táctico – Polieno ; introducciónes,traducciones y notas de José Vela Tejada y Francisco Martín Garcia",Editorial Gredos,32,SALA MARIO VARGAS LLOSA,,,,,,,,,,,,,,,
289,33,1 -1 -  A,11646,370 / C239   E:1,Contra los profesores libros I-VI,"Sexto Empírico ; introducción, traducción y notas de Jorge Bergua Cavero",Editorial Gredos,33,SALA MARIO VARGAS LLOSA,,,,,,,,,,,,,,,
290,34,1 -1 -  A,11434,371.3  / C118   E:1,El pedagogo,"Clemente de Alejandría ; introducción por Ángel Castiñeira Fernández, traducción y notas por Joan Sariol Díaz",Editorial Gredos,34,SALA MARIO VARGAS LLOSA,,,,,,,,,,,,,,,
291,35,1 -1 -  A,11894,415 / C375   E:1,Arte Gramática, libro I,"Carisio; introdución, traducción y notas de Javier Uría",Editorial Gredos,35,SALA MARIO VARGAS LLOSA,,,,,,,,,,,,,,
292,36,1 -1 -  A,11668,472  / C251  T.I   E:1,La lengua latina libros V-VI,"Varrón ; introducción, traducción y notas de Luis Alfonso Hernández Miguel",Editorial Gredos,36,SALA MARIO VARGAS LLOSA,,,,,,,,,,,,,,,
293,37,1 -1 -  A,11670,472 / C252  T.II   E:1,La lengua latina libros VII-X y Fragmentos,"Varrón ; introducción, traducción y notas de Luis Alfonso Hernández Miguel",Editorial Gredos,37,SALA MARIO VARGAS LLOSA,,,,,,,,,,,,,,,
294,38,1 -1 -  A,11404,485 / C100   E:1,Sintaxis,"Apolonio Díscolo ; introducción, traducción y notas por Vicente Bécares Botas",Editorial Gredos,38,SALA MARIO VARGAS LLOSA,,,,,,,,,,,,,,,
295,39,1 -1 -  A,11506,510  / C159   E:1,Geografía : libros I-II,"Estrabón ;introduccíon general de J. García Blanco, traduccion y nótas de J.L. García Ramón y J.Garcia Blanco",Editorial Gredos,39,SALA MARIO VARGAS LLOSA,,,,,,,,,,,,,,,
296,40,1 -1 -  A,11522,510  / C169   E:1,Geografías : libros III-VI,"Estrabón ; traducciones, introducciones y notas de M.José Meana y Félix Piñero",Editorial Gredos,40,SALA MARIO VARGAS LLOSA,,,,,,,,,,,,,,,
297,41,1 -1 -  A,11738,510 / C288  T.III   E:1,Geografía : libros V-VII,Estrabón , traducción y notas de José Vela Tejada y Jesús Gracia Altar,Editorial Gredos,41,SALA MARIO VARGAS LLOSA,,,,,,,,,,,,,,
298,42,1 -1 -  A,11740,510 / C289  T.IV  E:1,Geografía : libros VIII-X,Estrabón , traducción y notas de Juan JoséTorres Esbarranch,Editorial Gredos,42,SALA MARIO VARGAS LLOSA,,,,,,,,,,,,,,
299,43,1 -1 -  A,11772,510  / C306   T.V   E:1,Geografía  - libros XI-XIV,Estrabón,Editorial Gredos,43,SALA MARIO VARGAS LLOSA,,,,,,,,,,,,,,,
300,44,1 -1 -  A,11554,512 / C191  T.II   E:1,Elementos: libros V-IX,Euclides ,  traducción y notas de María Luisa Puertas Castaños,Editorial Gredos,44,SALA MARIO VARGAS LLOSA,,,,,,,,,,,,,,
301,45,1 -1 -  A,11498,514  / C155   E:1,Elementos : libros I-IV,"Euclides  ; introducción de Luis Vega, traducción y notas de María Luisa Puertas Castaños",Editorial Gredos,45,SALA MARIO VARGAS LLOSA,,,,,,,,,,,,,,,
302,46,1 -1 -  A,11624,510.076 / C228   E:1,Elementos : libros X-XIII,Euclides , traducción y notas de María Luisa Puertas Castaños,Editorial Gredos,46,SALA MARIO VARGAS LLOSA,,,,,,,,,,,,,,
303,47,1 -1 -  A,11822,516 / C333  T.I   E:1,Tratados I / comentarios,Arquímedes y Eutocio,Editorial Gredos,47,SALA MARIO VARGAS LLOSA,,,,,,,,,,,,,,,
304,48,1 -1 -  A,11534,520 / C178    E:1,Fenómenos : introducción a los fenómenos,"Arato – Gémino ; introducciones, traducciones y notas de Esteban Calderón Dorda",Editorial Gredos,48,SALA MARIO VARGAS LLOSA,,,,,,,,,,,,,,,
305,49,1 -1 -  A,11626,551 / C229   E:1,Acerca de cielo /  metereológicos,"Aristóteles ; introducción , traducción y notas de Miguel Candel",Editorial Gredos,49,SALA MARIO VARGAS LLOSA,,,,,,,,,,,,,,,
306,50,1 -1 -  A,11754,520 / C296   E:1,Fenómenos / descripción del orbe terrestre / costas marinas,Avieno,Editorial Gredos,50,SALA MARIO VARGAS LLOSA,,,,,,,,,,,,,,,
307,1,2 / A,11582,525 / C206  T.I   E:1,Historia natural , libros I-II,"Plinio el viejo ; introducción general Guy Serbat , traducción  y notas de Antonio Fontán ,Ana M. Moure Casas y otros",Editorial Gredos,1,SALA MARIO VARGAS LLOSA,,,,,,,,,,,,,,
308,2,2 / A,11666,525 / C250  T.II   E:1,Historia Natural libros III-VI,"Plinio el viejo ; traducción y notas de Antonio Fontán, Ignacio García, Arribas Encarnación del Barrio, M. Luisa Arribas",Editorial Gredos,2,SALA MARIO VARGAS LLOSA,,,,,,,,,,,,,,,
309,3,2 / A,11914,525 / C388   E:1,Historia natural. Libros XII-XVI,Plinio el viejo,Editorial Gredos,3,SALA MARIO VARGAS LLOSA,,,,,,,,,,,,,,,
310,4,2 / A,11578,530 / C203   E:1,Fisica,"Aristóteles ; introducción , traducción y notas de Guillermo R. De Echandia",Editorial Gredos,4,SALA MARIO VARGAS LLOSA,,,,,,,,,,,,,,,
311,5,2 / A,11718,530 / C277   E:1,Sobre las líneas indivisibles-Mecánica /  Óptica- catóptrica-fenómenos,"Aristóteles; Euclides Introducción , traducción y notas de PalomaOrtiz Garcia",Editorial Gredos,5,SALA MARIO VARGAS LLOSA,,,,,,,,,,,,,,,
312,6,2 / A,11426,581 / C112   E:1,Historia de las plantas,"Teofrasto ; introducción, traducción y notas po José María Díaz-Regañón López",Editorial Gredos,6,SALA MARIO VARGAS LLOSA,,,,,,,,,,,,,,,
313,7,2 / A,11672,581 / C253  T.I   E:1,Plantas y remedios Medicinales (de materia medica) libros I-III,"Dioscórides : introducción, traducción y notas de Manuela García Valdés",Editorial Gredos,7,SALA MARIO VARGAS LLOSA,,,,,,,,,,,,,,,
314,8,2 / A,11674,581 / C254  T.II  E:1,Plantas y remedios Medicinales (de materia medica) libros IV-V . Pseudo Dioscórides,Dioscórides : traducción y notas de Manuela García Valdés,Editorial Gredos,8,SALA MARIO VARGAS LLOSA,,,,,,,,,,,,,,,
315,9,2 / A,11344,591 / C66   E:1,Historia de los animales libros I-VIII,"Claudio Eliano ; introducción, traducción y notas por José María Díaz-Regañón López",Editorial Gredos,9,SALA MARIO VARGAS LLOSA,,,,,,,,,,,,,,,
316,10,2 / A,11346,591 / C67   E:1,Historia de los animales libros IX-XVII,Claudio Eliano , traducción y notas por José María Díaz-Regañón López,Editorial Gredos,10,SALA MARIO VARGAS LLOSA,,,,,,,,,,,,,,
317,11,2 / A,11524,591 / C171   E:1,Investigación sobre los animales,"Aristóteles ; introducción de Carlos García Gual ,traducción y notas de Julio Pallí Bonet",Editorial Gredos,11,SALA MARIO VARGAS LLOSA,,,,,,,,,,,,,,,
318,12,2 / A,11574,591  / C201   E:1,Reproducción de los animales,"Aristóteles ; introducción , traducción y notas de Ester Sánchez",Editorial Gredos,12,SALA MARIO VARGAS LLOSA,,,,,,,,,,,,,,,
319,13,2 / A,11730,591  / C283   E:1,"Partes de los animales, marcha de los animales, movimiento de los animales","Aristóteles ; introducciones, traducciones y notas de Elvira Jiménez Sánchez- Escariche y Almudena Alonso Miguel",Editorial Gredos,13,SALA MARIO VARGAS LLOSA,,,,,,,,,,,,,,,
320,14,2 / A,11764,609 / C301   E:1,Tratados filosóficos y autobiográficos,Galeno,Editorial Gredos,14,SALA MARIO VARGAS LLOSA,,,,,,,,,,,,,,,
321,15,2 / A,11338,610 / C63  T.I   E:1,Tratados Hipocráticos I,"Introducción general de Carlos García Gual ; introducciones, traducciones y notas por C. García Gual, M. D. Lara Nava, J. A. López Férez, B. Cabellos Álvarez",Editorial Gredos,15,SALA MARIO VARGAS LLOSA,,,,,,,,,,,,,,,
322,16,2 / A,11387,610 / C90  T.II   E:1,Tratados Hipocráticos II,"Introducciones, traducciones y notas por J. A. López Férez y E. García Novo",Editorial Gredos,16,SALA MARIO VARGAS LLOSA,,,,,,,,,,,,,,,
323,17,2 / A,11389,610 / C91  T.III   E:1,Tratados hipocráticos III,"Introducciones, traducciones y notas por C. García Gual, J. M. Lucas de Dios, B. Cabello Álvarez, I. Rodríguez Alfageme",Editorial Gredos,17,SALA MARIO VARGAS LLOSA,,,,,,,,,,,,,,,
324,18,2 / A,11430,610 / C114  T.IV   E:1,Tratados Hipocráticos IV,"Traducción y notas por Lourdes sanz Mingote, introducción e índices por José Antonio Ochoa Anadón",Editorial Gredos,18,SALA MARIO VARGAS LLOSA,,,,,,,,,,,,,,,
325,19,2 / A,11448,610 / C126  T.V   E:1,Tratados hipocráticos V : epidemias,"traducción, introducciones y notas de Alicia Esteban, Elsa García Novo y Beatriz Cabellos",Editorial Gredos,19,SALA MARIO VARGAS LLOSA,,,,,,,,,,,,,,,
326,20,2 / A,11478,610 / C143  T.VI   E:1,Tratados Hipocráticos : VI enfermedades,"Traducciones, introducciones y notas de Assela Alamillo Sanz y M. Dolores Lara Nava",Editorial Gredos,20,SALA MARIO VARGAS LLOSA,,,,,,,,,,,,,,,
327,21,2 / A,11528,610 / C175  T.VII   E:1,"Tratados Hipocráticos : VII  tratados quirúrgicos, sobre las heridas en la cabeza,sobre el dispensarío medico, sobre las fracturas, sobre las articulaciones, instrumentos de reducción, sobre las fístulas, sobre las hemorroides, sobre las úlceras","Introducciónes, traducciones y notas por M. Dolores Lara, Helena Torres y Beatriz Cabellos",Editorial Gredos,21,SALA MARIO VARGAS LLOSA,,,,,,,,,,,,,,,
328,22,2 / A,11774,610  / C307  T.VIII   E:1,Tratados Hipocráticos  VIII, naturaleza del hombre, lugares en el hombre, carnes, corazón, naturaleza de los huesos, generación, naturaleza del niño, enfermedades IV, parto de ocho meses, parto de siete meses, dentición, visión, glándulas, anatomía, seman,"Introducciones, traducciones y notas por De la Villa Polo, Jesús",Editorial Gredos,22,SALA MARIO VARGAS LLOSA
329,23,2 / A,11770,611 / C305   E:1,Procedimientos anatómicos -  libro I-IX,Galeno,Editorial Gredos,23,SALA MARIO VARGAS LLOSA,,,,,,,,,,,,,,,
330,24,2 / A,11784,612 / C313    E:1,Sobre las facultades naturales / las facultades del alma siguen  / los temperamentos del cuerpo,Galeno,Editorial Gredos,24,SALA MARIO VARGAS LLOSA,,,,,,,,,,,,,,,
331,25,2 / A,11662,616 / C248   E:1,Sobre la Localización de las enfermadades (de locis affectis),Galeno , introduccioneas de Luis García Ballester , traducción y notas de Salud Andrés Aparicio,Editorial Gredos,25,SALA MARIO VARGAS LLOSA,,,,,,,,,,,,,
332,26,2 / A,11814,630  / C329  T.I   E:1,Libro de los árboles /  la labranza - libros I-V,Columela,Editorial Gredos,26,SALA MARIO VARGAS LLOSA,,,,,,,,,,,,,,,
333,27,2 / A,11464,633 / C135   E:1,Tratado de agricultura / Medicina veterinaria / poema de los injertos,"Paladio ; traducción, introducción y notas de Ana Moure Casas",Editorial Gredos,27,SALA MARIO VARGAS LLOSA,,,,,,,,,,,,,,,
334,28,2 / A,11700,636 / C267   E:1,Medicina Veterinaria,"Venecio; Introducción, traducción, y notas de José María Robles Gómez",Editorial Gredos,28,SALA MARIO VARGAS LLOSA,,,,,,,,,,,,,,,
335,29,2 / A,11880,720 / C367   E:1,Arquitectura Libros I-V,Vitruvio,Editorial Gredos,29,SALA MARIO VARGAS LLOSA,,,,,,,,,,,,,,,
336,30,2 / A,11600,780  / C216   E:1,Sobre la música,"Arístides Quintillano ; introducción, traducción y notas de Luis Colomer y Begoña Gil",Editorial Gredos,30,SALA MARIO VARGAS LLOSA,,,,,,,,,,,,,,,
337,31,2 / A,11866,780/ C359   E:1,Sobre la Música, seis libros,"San Agustín; Introducción, traducción y notas de Jesús Luque Moreno y Antonio López Eisman",Editorial Gredos,31,SALA MARIO VARGAS LLOSA,,,,,,,,,,,,,,
338,32,2 / A,11898,780 / C377   E:1,Sobre el fundamento de la Música, cinco libros,"Boecio; introducción, traducción y notas de Jesus Luque, Francisco Fuentes, Carlos López, Pedro R. Díaz y Mariano Madrid.",Editorial Gredos,32,SALA MARIO VARGAS LLOSA,,,,,,,,,,,,,,
339,33,2 / B,5610,808 .88 / A42,El Libro de Saladino,"Ali, Tariq",Alianza Editorial,1,SALA MARIO VARGAS LLOSA,,,,,,,,,,,,,,,
340,34,2 / B,5627,808 .88 / A42L,La mujer de piedra,"Ali, Tariq",Alianza Editorial,2,SALA MARIO VARGAS LLOSA,,,,,,,,,,,,,,,
341,35,2 / B,5662,808 .88 / A46,Breve historia de la literatura española,"Carlos Alvar, José-Carlos Mainer y Rosa Navarro",Alianza Editorial,3,SALA MARIO VARGAS LLOSA,,,,,,,,,,,,,,,
342,36,2 / B,5452,808.88 / A55,Para que nada se pierda,"Amoraga, Carmen",Alianza  Editorial,4,SALA MARIO VARGAS LLOSA,,,,,,,,,,,,,,,
343,37,2 / B,5460,808.88 / A62,Botas de cuero español,"Antolín Rato, Mariano",Alianza  Editorial,5,SALA MARIO VARGAS LLOSA,,,,,,,,,,,,,,,
344,38,2 / B,5550,808.88 / A79,Estoy en puertomarte sin Hilda y otros cuentos,"Asimov, Isaac",Alianza Editorial,6,SALA MARIO VARGAS LLOSA,,,,,,,,,,,,,,,
345,39,2 / B,5606,808.88 / A87,Resurgir,"Atwood, Margaret",Alianza Editorial,7,SALA MARIO VARGAS LLOSA,,,,,,,,,,,,,,,
346,40,2 / B,5457,808.88 / B24,Paseos por Madrid,"Barga, Corpus : Edición de Arturo Ramoneda",Alianza  Editorial,8,SALA MARIO VARGAS LLOSA,,,,,,,,,,,,,,,
347,41,2 / B,5573,808.88 / B34,El innombrable,"Beckett, Samuel",Alianza Editorial,9,SALA MARIO VARGAS LLOSA,,,,,,,,,,,,,,,
348,42,2 / B,5589,808.88 / B34M,Malone muerte,"Beckett, Samuel",Alianza Editorial,10,SALA MARIO VARGAS LLOSA,,,,,,,,,,,,,,,
349,43,2 / B,5524,808.88 / B82,El interrogatorio de Lúculo, El alma buena de Sezuán, El señor puntila y su criado Matti,"Brecht, Bertolt",Alianza Editorial,11,SALA MARIO VARGAS LLOSA,,,,,,,,,,,,,
350,44,2 / B,5525,808.88 / C28,El delfín,"Cardoso Pires, José : Traducción de Javier Casanova",Alianza Editorial,12,SALA MARIO VARGAS LLOSA,,,,,,,,,,,,,,,
351,45,2 / B,5552,808.88 / C32M  Vol.1,"Los mejores cuentos policiales, 1",Selección de Adolfo Bioy Casares y Jorge Luis Borges,Alianza  Editorial:Emecé,13,SALA MARIO VARGAS LLOSA,,,,,,,,,,,,,,,
352,46,2 / B,5590,808.88 / C32M  Vol.2,"Los mejores cuentos policiales, 2",Selección de Adolfo Bioy Casares y Jorge Luis Borges,Alianza Editorial,14,SALA MARIO VARGAS LLOSA,,,,,,,,,,,,,,,
353,47,2 / B,5539,808.88 / C38,Antología Poética,"C. P. Cavafis : Selección, traducción del griego, introducción y notas de Pedro Bádenas de la Peña",Alianza Editorial,15,SALA MARIO VARGAS LLOSA,,,,,,,,,,,,,,,
354,48,2 / B,5582,808.88 / C68,Cuentos de la taberna del ciervo blanco,"Clarke, Arthur C.",Alianza Editorial,16,SALA MARIO VARGAS LLOSA,,,,,,,,,,,,,,,
355,49,2 / B,5618,808 .88 / C81A,El agente secreto,"Conrad, Joseph :Prólogo y traducción de Alberto Adell",Alianza Editorial,17,SALA MARIO VARGAS LLOSA,,,,,,,,,,,,,,,
356,50,2 / B,5563,808.88 / D11,El amante de Lady Chatterley,D. H. Lawrence : Traducción de Francisco Torres Oliver,Alianza Editorial,18,SALA MARIO VARGAS LLOSA,,,,,,,,,,,,,,,
357,51,2 / B,5607,808.88 / D47,Lejos de Medina,"Djebar, Assia",Alianza Editorial,19,SALA MARIO VARGAS LLOSA,,,,,,,,,,,,,,,
358,52,2 / B,5640,808 .88 / E41,Tiempo de un centenario,"Eliade, Mircea",Alianza Editorial,20,SALA MARIO VARGAS LLOSA,,,,,,,,,,,,,,,
359,53,2 / B,5601,808.88 / F55,A este lado del paraíso,"Fitzgerald, F. Scott : Traducción de Juan Benet Goitia",Alianza Editorial,21,SALA MARIO VARGAS LLOSA,,,,,,,,,,,,,,,
360,54,2 / B,5626,808 .88 / F55H,Hermosos y malditos,"Fitzgerald, F. Scott : Traducción de José Luis López  Muños",Alianza Editorial,22,SALA MARIO VARGAS LLOSA,,,,,,,,,,,,,,,
361,55,2 / B,5599,808.88 / F75,Maurice,"Forster, E. M. Introducción de P. N. Furbank",Alianza Editorial,23,SALA MARIO VARGAS LLOSA,,,,,,,,,,,,,,,
362,56,2 / B,5511,808.88 / G59,El señor de las moscas,"Golding, Willian",Alianza Editorial,24,SALA MARIO VARGAS LLOSA,,,,,,,,,,,,,,,
363,57,2 / B,5602,808.88 / G59E,El dios escorpión,"Golding, Willian",Alianza Editorial,25,SALA MARIO VARGAS LLOSA,,,,,,,,,,,,,,,
364,58,2 / B,5521,808.88 / G77,"Yo, Claudio","Graves, Robert",Alianza Editorial,26,SALA MARIO VARGAS LLOSA,,,,,,,,,,,,,,,
365,59,2 / B,5522,808.88 / G77C,Claudio el dios y su esposa Mesalina,"Graves, Robert",Alianza Editorial,27,SALA MARIO VARGAS LLOSA,,,,,,,,,,,,,,,
366,60,2 / B,5575,808.88 / G79,El tercer hombre,"Greene, Graham",Alianza Editorial,28,SALA MARIO VARGAS LLOSA,,,,,,,,,,,,,,,
367,61,2 / B,5588,808.88 / G79N,Nuestro hombre en la habana,"Greene, Graham",Alianza Editorial,29,SALA MARIO VARGAS LLOSA,,,,,,,,,,,,,,,
368,62,2 / B,5557,808.88 / J79,Retrato del artista adolescente,"Joyse, James : Traducción de Dámaso Alonso",Alianza Editorial,30,SALA MARIO VARGAS LLOSA,,,,,,,,,,,,,,,
369,63,2 / B,5561,808.88 / J79D,Dublineses,"Joyse, James : Traducción de Guillermo Cabrera Infante",Alianza Editorial,31,SALA MARIO VARGAS LLOSA,,,,,,,,,,,,,,,
370,64,2 / B,5611,808 .88 / K49,Lo que Sueñan Los Lobos,"Khadra, yasmina",Alianza Editorial,32,SALA MARIO VARGAS LLOSA,,,,,,,,,,,,,,,
371,65,2 / B,5609,808.88 / K72,La hora estelar de los asesinos,"Kohout, Pavel",Alianza Editorial,33,SALA MARIO VARGAS LLOSA,,,,,,,,,,,,,,,
372,66,2 / B,5614,808.88 / L21G,El Gatopardo,"Lampedusa ,Di Giuseppe Tomasi",Alianza Editorial,34,SALA MARIO VARGAS LLOSA,,,,,,,,,,,,,,,
373,67,2 / B,5546,808.88 / M11,Las escalas de levante,"Maalouf, Amin",Alianza Editorial,35,SALA MARIO VARGAS LLOSA,,,,,,,,,,,,,,,
374,68,2 / B,5572,808.88 / M11E,El viaje de badassare,"Maalouf, Amin",Alianza Editorial,36,SALA MARIO VARGAS LLOSA,,,,,,,,,,,,,,,
375,69,2 / B,5571,808.88 / M11L,Los jardines de luz,"Maalouf, Amin",Alianza Editorial,37,SALA MARIO VARGAS LLOSA,,,,,,,,,,,,,,,
376,70,2 / B,5537,808.88 / M22,Amlet,"Manguel, Alberto : Antología del relato fantástico",Alianza Editorial,38,SALA MARIO VARGAS LLOSA,,,,,,,,,,,,,,,
377,71,2 / B,5548,808.88 / M22T,La torre de la soledad,"Manfredi, Valerio",Alianza Editorial,39,SALA MARIO VARGAS LLOSA,,,,,,,,,,,,,,,
378,72,2 / B,5592,808.8 / M58,El tiempo de los asesinos,"Miller, Henry",Alianza Editorial,40,SALA MARIO VARGAS LLOSA,,,,,,,,,,,,,,,
379,73,2 / B,5538,808.88 / M223,Las puertas del paraíso,"Manguel, Alberto : Antología del relato erótico",Alianza Editorial,41,SALA MARIO VARGAS LLOSA,,,,,,,,,,,,,,,
380,74,2 / C,5560,808.88 / N16,Jan Aljalili,Naguib Mahfuz,Alianza Editorial,1,SALA MARIO VARGAS LLOSA,,,,,,,,,,,,,,,
381,75,2 / C,5577,808.88 / N16C,El cairo nuevo,Naguib Mahfuz,Alianza Editorial,2,SALA MARIO VARGAS LLOSA,,,,,,,,,,,,,,,
382,76,2 / C,5529,808.88 / R18,Cartas a un joven poeta,Rainer Maria Rilke : Traducción y nota preliminar de José Maria Velarde,Alianza Editorial,3,SALA MARIO VARGAS LLOSA,,,,,,,,,,,,,,,
383,77,2 / C,5510,808.88 / S17,El guardián entre el centeno,J. D. Salinger,Alianza Editorial,4,SALA MARIO VARGAS LLOSA,,,,,,,,,,,,,,,
384,78,2 / C,5638,808 .88 / S17E,El guardián entre el centeno,J. D. Salinger,Alianza Editorial,5,SALA MARIO VARGAS LLOSA,,,,,,,,,,,,,,,
385,79,2 / C,5568,808.88 / S17F,Franny y Zooey,J. D. Salinger,Alianza Editorial,6,SALA MARIO VARGAS LLOSA,,,,,,,,,,,,,,,
386,80,2 / C,5535,808.88 / S174,Nueve cuentos,J. D. Salinger,Alianza Editorial,7,SALA MARIO VARGAS LLOSA,,,,,,,,,,,,,,,
387,81,2 / C,5600,808.88 / T22,A la sombra del granado,Tariq Alí,Alianza Editorial,8,SALA MARIO VARGAS LLOSA,,,,,,,,,,,,,,,
388,82,2 / C,5576,808.88 / V21,El cementerio marino ( Edición bilingúe),"Valéry, Paul : Versión castellana de Jorge Guillén",Alianza Editorial,9,SALA MARIO VARGAS LLOSA,,,,,,,,,,,,,,,
389,83,2 / C,5531,808.88 / V61,La espuma de los días,"Vian, Boris",Alianza Editorial,10,SALA MARIO VARGAS LLOSA,,,,,,,,,,,,,,,
390,84,2 / C,5543,808.88 / V61C,Con las mujeres no hay manera,"Vian, Boris",Alianza Editorial,11,SALA MARIO VARGAS LLOSA,,,,,,,,,,,,,,,
391,85,2 / C,5629,808 .88 / V61H,Las hormigas,"Vian, Boris",Alianza Editorial,12,SALA MARIO VARGAS LLOSA,,,,,,,,,,,,,,,
392,86,2 / C,5622,808 .88 / W44,La guerra de los mundos,"Wells,Herbert George",Alianza Editorial,13,SALA MARIO VARGAS LLOSA,,,,,,,,,,,,,,,
393,87,2 / C,5653,808 .88 / W57,Antología bilingúe,"Williams, Willian Carlos : Selección, introducción y traducción de Juan Miguel López Merino",Alianza Editorial,14,SALA MARIO VARGAS LLOSA,,,,,,,,,,,,,,,
394,88,2 / C,5586,808.88 / Y44,Antología bilingúe,W. B Yeats : Introducción y traducción de Enrique Caracciolo Trejo,Alianza Editorial,15,SALA MARIO VARGAS LLOSA,,,,,,,,,,,,,,,
395,89,2 / C,5467,808.88 / A39,Antología Poética,"Aleixandre, Vicente : Estudio previo, selección de Leopoldo de Luis",Alianza  Editorial,16,SALA MARIO VARGAS LLOSA,,,,,,,,,,,,,,,
396,90,2 / C,5443,808.88 / B24,Cuentos,"Baroja, Pío",Alianza  Editorial,17,SALA MARIO VARGAS LLOSA,,,,,,,,,,,,,,,
397,91,2 / C,5459,808.88 / B24F,La feria de los discretos,"Baroja, Pío",Alianza  Editorial,18,SALA MARIO VARGAS LLOSA,,,,,,,,,,,,,,,
398,92,2 / C,5434,808.88 / C46,La colmena,"Cela, Camilo José: Prólogo de Gonzalo Sobejano",Alianza  Editorial,19,SALA MARIO VARGAS LLOSA,,,,,,,,,,,,,,,
399,93,2 / C,5448,808.88 / C48,Antologia Poética,"Cernuda, Luis : Selección e introducción de Philip W. Silver",Alianza  Editorial,20,SALA MARIO VARGAS LLOSA,,,,,,,,,,,,,,,
400,94,2 / C,5465,808.88 / D48,La mortaja,"Delibes, Miguel :Prólogo de Miguel Ángel Pastor",Alianza  Editorial,21,SALA MARIO VARGAS LLOSA,,,,,,,,,,,,,,,
401,95,2 / C,5453,808.88 / D48V,Viejas historias de Castilla la vieja,"Delibes, Miguel",Alianza  Editorial,22,SALA MARIO VARGAS LLOSA,,,,,,,,,,,,,,,
402,96,2 / C,5450,808.88 / D68,Shakespeare y los siete pecados capitales,"Díaz-Plaja, Fernando",Alianza  Editorial,23,SALA MARIO VARGAS LLOSA,,,,,,,,,,,,,,,
403,97,2 / C,5474,808.88 / D71E,El español y los  siete pecados capitales,"Díaz-Plaja, Fernando ; dibujos de: Mingote",Alianza  Editorial,24,SALA MARIO VARGAS LLOSA,,,,,,,,,,,,,,,
404,98,2 / C,5478,808.88 / D75,Antología Poética,"Diego, Gerardo : Selección de Francisco Javier Díez de Revenga",Alianza  Editorial,25,SALA MARIO VARGAS LLOSA,,,,,,,,,,,,,,,
405,99,2 / C,5471,808.88 / G66,Antología Poética,"González, Ángel : Selección de autor : Introducción de Luis Izquierdo",Alianza  Editorial,26,SALA MARIO VARGAS LLOSA,,,,,,,,,,,,,,,
406,100,2 / C,5480,808.88 / H43,El rayo que no cesa,"Hernández, Miguel ; Prólogo de: Jorge Urrutia",Alianza Editorial,27,SALA MARIO VARGAS LLOSA,,,,,,,,,,,,,,,
407,101,,5462,808.88 / H51,Antología poética,"Hierro, José : selección y prólogo de José OlivioJiménez",Alianza Editorial,28,SALA MARIO VARGAS LLOSA,,,,,,,,,,,,,,,
408,102,2 / C,5458,808.88 / J54,Antología Poética,"Jiménez, Juan Ramón : Prólogo y seleccion de Antonio Colinas",Alianza  Editorial,29,SALA MARIO VARGAS LLOSA,,,,,,,,,,,,,,,
409,103,2 / C,5475,808.88 / M13,"Juan de Mairena : Sentencias, donaires, apuntes y recuerdos de un profesor apócrito (1936)","Machado, Antonio",Alianza  Editorial,30,SALA MARIO VARGAS LLOSA,,,,,,,,,,,,,,,
410,104,2 / C,5670,808 .88 / M13P,Poesía,"Machado, Antonio",Alianza Editorial,31,SALA MARIO VARGAS LLOSA,,,,,,,,,,,,,,,
411,105,2 / C,5461,808.88 / M56,Tres sombreros de copa  ¡Sublime decisión !,"Mihura, Miguel : Introducción y notas de Antonio Ramoneda",Alianza  Editorial,32,SALA MARIO VARGAS LLOSA,,,,,,,,,,,,,,,
412,106,2 / C,5435,808.88 / M84,Vidas de mujer,Prólogo y selección de Mercedes Monmany,Alianza  Editorial,33,SALA MARIO VARGAS LLOSA,,,,,,,,,,,,,,,
413,107,2 / C,5469,808.88 / O86,Antología Poética : Expresión y reunión,"Otero, Blas de :Introducción, notas y fijación del texto por Sabina de la Cruz",Alianza  Editorial,34,SALA MARIO VARGAS LLOSA,,,,,,,,,,,,,,,
414,108,2 / C,5477,808 .88 / P43,El síndrome de Estocolmo,"Pereira, Antonio",Alianza  Editorial,35,SALA MARIO VARGAS LLOSA,,,,,,,,,,,,,,,
415,109,2 / C,5509,808.88 / R68,La Vorágine,"Rivera, José Eustasio : Edición de Alejandro Gonzáles Segura",Alianza Editorial,36,SALA MARIO VARGAS LLOSA,,,,,,,,,,,,,,,
416,110,2 / C,5456,808.88 / S67,La ventana pintada,"Somoza, José Carlos",Alianza  Editorial,37,SALA MARIO VARGAS LLOSA,,,,,,,,,,,,,,,
417,111,2 / C,5437,808.88 / T72   Vol.1,Los gozos y las sombras: 1. El señor llega,"Torrente Ballester, Gonzalo",Alianza  Editorial,38,SALA MARIO VARGAS LLOSA,,,,,,,,,,,,,,,
418,112,2 / C,5438,808.88 / T72   Vol.2,Los gozos y las sombras: 2. Donde da la vuelta el aire,"Torrente Ballester, Gonzalo",Alianza  Editorial,39,SALA MARIO VARGAS LLOSA,,,,,,,,,,,,,,,
419,113,2 / C,5439,808.88 / T72   Vol.3,Los gozos y las sombras: 3. La pascua triste,"Torrente Ballester, Gonzalo",Alianza  Editorial,40,SALA MARIO VARGAS LLOSA,,,,,,,,,,,,,,,
420,114,2 / C,5444,808.88 / V23,Sonata de primavera,"Valle-Inclán, Ramón del",Alianza  Editorial,41,SALA MARIO VARGAS LLOSA,,,,,,,,,,,,,,,
421,115,2 / C,5664,808 .88 / B24,Breve historia de la literatura inglesa,"Barnard, Robert",Alianza Editorial,42,SALA MARIO VARGAS LLOSA,,,,,,,,,,,,,,,
422,116,2 / C,5492,808.88 / A83,Hombres de maíz,"Asturias, Miguel Angel",Alianza Editorial,43,SALA MARIO VARGAS LLOSA,,,,,,,,,,,,,,,
423,117,2 / C,5485,808.88 / C78  T. 1,"Los relatos, 1 Ritos","Cortázar, Julio",Alianza Editorial,44,SALA MARIO VARGAS LLOSA,,,,,,,,,,,,,,,
424,118,2 / C,5486,808.88 / C78  T. 2,"Los relatos, 2 Juegos","Cortázar, Julio",Alianza Editorial,45,SALA MARIO VARGAS LLOSA,,,,,,,,,,,,,,,
425,119,2 / C,5487,808.88 / C78  T. 4,"Los relatos, 4 Ahí y ahora","Cortázar, Julio",Alianza Editorial,46,SALA MARIO VARGAS LLOSA,,,,,,,,,,,,,,,
426,120,2 / C,5502,808.88 / C82,Octaedro,"Cortázar, Julio",Alianza Editorial,47,SALA MARIO VARGAS LLOSA,,,,,,,,,,,,,,,
427,121,2 / C,5484,808 .88 / CH522,Conversaciones con Alejo Carpentier,"Chao, Ramón",Alianza Editorial,48,SALA MARIO VARGAS LLOSA,,,,,,,,,,,,,,,
428,122,2 / C,5488,808.88 / D25,Poesía,Darío Rubén,Alianza Editorial,49,SALA MARIO VARGAS LLOSA,,,,,,,,,,,,,,,
429,123,2 / C,5497,808.88 / D254,Cuentos fantásticos,Darío Rubén : Selección y prólogo de José Olivio Jiménez,Alianza Editorial,50,SALA MARIO VARGAS LLOSA,,,,,,,,,,,,,,,
430,124,2 / D,5507,808.88 / D25A,Azul...,Darío Rubén : Edicción de Arturo Ramoneda carta- prólogo de Juan Valera,Alianza Editorial,1,SALA MARIO VARGAS LLOSA,,,,,,,,,,,,,,,
431,125,2 / D,5669,808 .88 / D25P,Prosas profanas,Darío Rubén : Edicción de José Olivio Jiménez,Alianza Editorial,2,SALA MARIO VARGAS LLOSA,,,,,,,,,,,,,,,
432,126,2 / D,5504,808.88 / H44,Martín fierro,"Hernández, José : Estudio preliminar y notas de Santiago M. Lugones",Alianza Editorial,3,SALA MARIO VARGAS LLOSA,,,,,,,,,,,,,,,
433,127,2 / D,5482,808.88 / G14,Amares ( Antología de relatos ),"Galeano, Eduardo",Alianza Editorial,4,SALA MARIO VARGAS LLOSA,,,,,,,,,,,,,,,
434,128,2 / D,5483,808.88 / G14D,Días y noches de amor y de guerra,"Galeano, Eduardo",Alianza Editorial,5,SALA MARIO VARGAS LLOSA,,,,,,,,,,,,,,,
435,129,2 / D,5501,808.88 / G92,Sóngoro cosongo y otros poemas,"Guillén, Nicolás : Selección del autor",Alianza Editorial,6,SALA MARIO VARGAS LLOSA,,,,,,,,,,,,,,,
436,130,2 / D,5489,808.88 / J53,Antología de la poesía hispanoamericana contemporánea 1914 -1987,"Jiménez, José Olivio",Alianza  Editorial,7,SALA MARIO VARGAS LLOSA,,,,,,,,,,,,,,,
437,131,2 / D,5508,808.88 / M43,Antología crítica de poesía moderna hispanoamericano,Mercedes Serna Arnaiz  : Bernat Castany Prado,Alianza Editorial,8,SALA MARIO VARGAS LLOSA,,,,,,,,,,,,,,,
438,132,2 / D,5494,808.88 / M84,Cuentos,"Monterroso, Agusto",Alianza Editorial,9,SALA MARIO VARGAS LLOSA,,,,,,,,,,,,,,,
439,133,2 / D,5481,"808,88 / N44",Veinte Poemas de Amor y una canción desesperada,"Neruda, Pablo; Prólogo de: Jorge Edwards",Alianza Editorial,10,SALA MARIO VARGAS LLOSA,,,,,,,,,,,,,,,
440,134,2 / D,5490,808.88 / N44A  Vol.1,"Antología Poética, 1","Neruda, Pablo; Selección y guías de lectura de Hernán Loyola",Alianza Editorial,11,SALA MARIO VARGAS LLOSA,,,,,,,,,,,,,,,
441,135,2 / D,5491,808.88 / N44A  Vol.2,"Antología Poética, 2","Neruda, Pablo; Selección y guías de lectura de Hernán Loyola",Alianza Editorial,12,SALA MARIO VARGAS LLOSA,,,,,,,,,,,,,,,
442,136,2 / D,5496,808.88 / O52,Juntacadáveres,"Onetti, Juan Carlos",Alianza Editorial,13,SALA MARIO VARGAS LLOSA,,,,,,,,,,,,,,,
443,137,2 / D,5499,808.88 / O93A Vol.1,Antología crítica del cuento hispanoamericano del Siglo XX : 1. Fundadores e innovadores,Selección de José Miguel Oviedo,Alianza Editorial,14,SALA MARIO VARGAS LLOSA,,,,,,,,,,,,,,,
444,138,2 / D,5500,808.88 / O93A Vol.2,Antología crítica del cuento hispanoamericano del Siglo XX : 2. La gran síntesis y después,Selección de José Miguel Oviedo,Alianza Editorial,15,SALA MARIO VARGAS LLOSA,,,,,,,,,,,,,,,
445,139,2 / D,5495,808.88 / V23,Antología Poética,"Vallejo, César : Prólogo y selección de José Miguel Oviedo",Alianza Editorial,16,SALA MARIO VARGAS LLOSA,,,,,,,,,,,,,,,
446,140,2 / D,5663,808 .88 / P36,Calderón Vida y teatro,"Pedraza Jiménez, Felipe B.",,17,SALA MARIO VARGAS LLOSA,,,,,,,,,,,,,,,
447,141,2 / D,5503,808.88 / F89,Cuerpos y ofrendas,"Fuentes, Carlos : Prólogo de Octavio Paz",Alianza Editorial,18,SALA MARIO VARGAS LLOSA,,,,,,,,,,,,,,,
448,142,2 / D,5668,808 .88 / G98,Introducción al teatro griego,"Guzmán Guerra, Antonio",Alianza Editorial,19,SALA MARIO VARGAS LLOSA,,,,,,,,,,,,,,,
449,143,2 / D,5643,808 .88 / L32,El nuevo dardo en la palabra,"Lázaro Carreter, Fernando",Alianza Editorial,20,SALA MARIO VARGAS LLOSA,,,,,,,,,,,,,,,
450,144,2 / D,5498,808.88 / M56,Poesía completa,"Martí, José : Edición de Carlos Javier morales",Alianza Editorial,21,SALA MARIO VARGAS LLOSA,,,,,,,,,,,,,,,
451,145,3 / D,5667,808 .88 / N29,Escenas cervantinas,"Navarro Durán, Rosa",Alianza Editorial,22,SALA MARIO VARGAS LLOSA,,,,,,,,,,,,,,,
452,146,4 / D,5493,808.88 / O93,Antología crítica del cuento hispanoamericano del Siglo XIX,Selección de José Miguel Oviedo,Alianza Editorial,23,SALA MARIO VARGAS LLOSA,,,,,,,,,,,,,,,
453,147,5 / D,5463,808 .88 / H26,Cuentos Completos,"Martín Gaite, Carmen",Alianza Editorial,24,SALA MARIO VARGAS LLOSA,,,,,,,,,,,,,,,
454,148,2 / D,5665,808 .88 / S17L,Literatura española Siglo XX,"Salinas, Pedro",Alianza Editorial,25,SALA MARIO VARGAS LLOSA,,,,,,,,,,,,,,,
455,149,2 / D,5666,808 .88 / S27,La infancia recuperada,"Savater, Fernando",Alianza : Taurus,26,SALA MARIO VARGAS LLOSA,,,,,,,,,,,,,,,
456,150,2 / D,5505,808.88 / S68,Antología Poética,Sor Juana Inés de la Cruz,Alianza Editorial,27,SALA MARIO VARGAS LLOSA,,,,,,,,,,,,,,,
457,151,2 / D,5680,838.95 / M22S,"Schopenhauer, Nietzsche, Freud","Mann, Thomas : Traducción y nota preliminar de Andrés Sánchez Pascual",Alianza  Editorial,28,SALA MARIO VARGAS LLOSA,,,,,,,,,,,,,,,
458,152,2 / E,4635,292.13 / N29,Mitos del mundo clasico,"Navarro Duran, Rosa",Alianza Editorial,1,SALA MARIO VARGAS LLOSA,,,,,,,,,,,,,,,
459,153,2 / E,4606,808.0683 / B25,Peter Pan,"Barrie, James Mathew",Alianza Editorial,2,SALA MARIO VARGAS LLOSA,,,,,,,,,,,,,,,
460,154,2 / E,4600,808.0683 / G81,Cuentos,"Grim, Jacob y Wilhelm Karl Grim",Alianza Editorial,3,SALA MARIO VARGAS LLOSA,,,,,,,,,,,,,,,
461,155,2 / E,4601,818.44 / T98,Las aventuras de Tom Sawyer,"Twain, Mark",Alianza Editorial,4,SALA MARIO VARGAS LLOSA,,,,,,,,,,,,,,,
462,156,2 / E,4602,818.44 / T98A,Las aventura de Huckleberry Finn,"Twain, Mark",Alianza Editorial,5,SALA MARIO VARGAS LLOSA,,,,,,,,,,,,,,,
463,157,2 / E,4616,818.44 / T98T,El forastero misterioso,Mark Twain,Alianza Editorial,6,SALA MARIO VARGAS LLOSA,,,,,,,,,,,,,,,
464,158,2 / E,4647,818.5 / S79,El poni rojo,"Steinbeck, Jhon",Alianza Editorial,7,SALA MARIO VARGAS LLOSA,,,,,,,,,,,,,,,
